-- MySQL dump 10.13  Distrib 8.0.29, for Win64 (x86_64)
--
-- Host: localhost    Database: movie_reservation_db
-- ------------------------------------------------------
-- Server version	8.0.29

/*!40101 SET @OLD_CHARACTER_SET_CLIENT=@@CHARACTER_SET_CLIENT */;
/*!40101 SET @OLD_CHARACTER_SET_RESULTS=@@CHARACTER_SET_RESULTS */;
/*!40101 SET @OLD_COLLATION_CONNECTION=@@COLLATION_CONNECTION */;
/*!50503 SET NAMES utf8 */;
/*!40103 SET @OLD_TIME_ZONE=@@TIME_ZONE */;
/*!40103 SET TIME_ZONE='+00:00' */;
/*!40014 SET @OLD_UNIQUE_CHECKS=@@UNIQUE_CHECKS, UNIQUE_CHECKS=0 */;
/*!40014 SET @OLD_FOREIGN_KEY_CHECKS=@@FOREIGN_KEY_CHECKS, FOREIGN_KEY_CHECKS=0 */;
/*!40101 SET @OLD_SQL_MODE=@@SQL_MODE, SQL_MODE='NO_AUTO_VALUE_ON_ZERO' */;
/*!40111 SET @OLD_SQL_NOTES=@@SQL_NOTES, SQL_NOTES=0 */;



--
-- Table structure for table `user`
--

DROP TABLE IF EXISTS `user`;
/*!40101 SET @saved_cs_client     = @@character_set_client */;
/*!50503 SET character_set_client = utf8mb4 */;
CREATE TABLE `user` (
  `id` varchar(50) NOT NULL,
  `pwd` varchar(50) NOT NULL,
  `name` varchar(50) NOT NULL,
  `email` varchar(50) DEFAULT NULL,
  `phone` varchar(20) NOT NULL,
  `auth` decimal(1,0) NOT NULL,
  PRIMARY KEY (`id`),
  UNIQUE KEY `email` (`email`)
) ENGINE=InnoDB DEFAULT CHARSET=utf8mb4 COLLATE=utf8mb4_0900_ai_ci;
/*!40101 SET character_set_client = @saved_cs_client */;

--
-- Dumping data for table `user`
--

LOCK TABLES `user` WRITE;
/*!40000 ALTER TABLE `user` DISABLE KEYS */;
INSERT INTO `user` VALUES ('test','test','test','test@test.com','01011112222',1);
/*!40000 ALTER TABLE `user` ENABLE KEYS */;
UNLOCK TABLES;


--
-- Table structure for table `movie`
--

DROP TABLE IF EXISTS `movie`;
/*!40101 SET @saved_cs_client     = @@character_set_client */;
/*!50503 SET character_set_client = utf8mb4 */;
CREATE TABLE `movie` (
  `seq` int NOT NULL AUTO_INCREMENT,
  `title` varchar(50) DEFAULT NULL,
  `rowtitle` varchar(50) DEFAULT NULL,
  `reservation` decimal(5,2) DEFAULT NULL,
  `img` varchar(500) DEFAULT NULL,
  `rdate` varchar(8) DEFAULT NULL,
  `readcount` decimal(8,0) DEFAULT NULL,
  `actor` varchar(100) DEFAULT NULL,
  `author` varchar(30) DEFAULT NULL,
  `genre` varchar(30) DEFAULT NULL,
  `age_limit` varchar(15) DEFAULT NULL,
  `running_time` varchar(45) DEFAULT NULL,
  `country` varchar(20) DEFAULT NULL,
  `movie_description` varchar(8000) DEFAULT NULL,
  `movie_description_title` varchar(2000) DEFAULT NULL,
  `previous_expectations` int DEFAULT NULL,
  `real_review` int DEFAULT NULL,
  `background_poster` varchar(1000) DEFAULT NULL,
  PRIMARY KEY (`seq`),
  UNIQUE KEY `unk` (`title`)
) ENGINE=InnoDB AUTO_INCREMENT=1941 DEFAULT CHARSET=utf8mb4 COLLATE=utf8mb4_0900_ai_ci;
/*!40101 SET character_set_client = @saved_cs_client */;

--
-- Dumping data for table `movie`
--

LOCK TABLES `movie` WRITE;
/*!40000 ALTER TABLE `movie` DISABLE KEYS */;
INSERT INTO `movie` VALUES (1257,'토르-러브 앤 썬더','토르러브앤썬더',32.50,'https://img.cgv.co.kr/Movie/Thumbnail/Poster/000085/85999/85999_320.jpg','20220706',0,'크리스 프랫','타이카 와이티티','액션, 어드벤처, 환타지','12세 이상','119분','미국','<strong>&nbsp;</strong>\n<br> \n<br> 슈퍼 히어로 시절이여, 안녕!&nbsp;\n<br> 이너피스를 위해 자아 찾기 여정을 떠난 천둥의 신 \'토르\'&nbsp;\n<br> \n<br> 그러나, 우주의 모든 신들을 몰살하려는 신 도살자 \'고르\'의 등장으로&nbsp;\n<br> \'토르\'의 안식년 계획은 산산조각 나버린다.&nbsp;\n<br> \n<br> \'토르\'는 새로운 위협에 맞서기 위해,&nbsp;\n<br> \'킹 발키리\', \'코르그\', 그리고 전 여자친구 \'제인\'과 재회하게 되는데..&nbsp;\n<br> 그녀가 묠니르를 휘두르는 \'마이티 토르\'가 되어 나타나 모두를 놀라게 한다.&nbsp;\n<br> \n<br> 이제, 팀 토르는 \'고르\'의 복수에 얽힌 미스터리를 밝히고&nbsp;\n<br> 더 큰 전쟁을 막기 위한 전 우주적 스케일의 모험을 시작하는데...\n<br> \n<br> <strong>7월 6일, 우주 최고의 ‘갓’ 매치가 시작된다!&nbsp;</strong>','\"신을 죽이는 자, 신이 상대한다!\"',99,80,'https://img.cgv.co.kr/Movie/Thumbnail/StillCut/000085/85999/85999204180_727.jpg'),(1258,'탑건-매버릭','탑건매버릭',23.30,'https://img.cgv.co.kr/Movie/Thumbnail/Poster/000082/82120/82120_320.jpg','20220622',0,'제니퍼 코넬리','조셉 코신스키','액션','12세 이상','130분','미국','<p><strong>한순간의 실수도 용납되지 않는 하늘 위,&nbsp;<br> 가장 압도적인 비행이 시작된다!</strong></p> \n<p>최고의 파일럿이자 전설적인 인물 매버릭(톰 크루즈)은 자신이 졸업한 훈련학교 교관으로 발탁된다.&nbsp;<br> 그의 명성을 모르던 팀원들은 매버릭의 지시를 무시하지만 실전을 방불케 하는 상공 훈련에서 눈으로 봐도 믿기 힘든 전설적인 조종 실력에 모두가 압도된다.&nbsp;</p> \n<p>매버릭의 지휘아래 견고한 팀워크를 쌓아가던 팀원들에게 국경을 뛰어넘는 위험한 임무가 주어지자<br> 매버릭은 자신이 가르친 동료들과 함께 마지막이 될 지 모를 하늘 위 비행에 나서는데…&nbsp;</p>','한순간의 실수도 용납되지 않는 하늘 위, 가장 압도적인 비행이 시작된다!',99,99,'https://t1.daumcdn.net/movie/925be59a6371f06382772352df4c965c10a4f840'),(1259,'외계+인 1부','외계인1부',9.80,'https://img.cgv.co.kr/Movie/Thumbnail/Poster/000085/85997/85997_320.jpg','20220720',0,'이시훈','최동훈','액션, 환타지, SF','12세 이상','142분','한국','<p><strong>“아주 오래전부터 외계인은 그들의 죄수를&nbsp;<br> 인간의 몸에 가두어 왔다”</strong></p> \n<p>2022년 현재, ‘가드’(김우빈)’와 ‘썬더’는 인간의 몸에 가두어진 외계인 죄수를 관리하며 지구에 살고 있다.<br> 어느 날, 서울 상공에 우주선이 나타나고&nbsp;<br> 형사 ‘문도석’(소지섭)은 기이한 광경을 목격하게 되는데..</p> \n<p>한편, 630년 전 고려에선 얼치기 도사 ‘무륵’(류준열)과 천둥 쏘는 처자 ‘이안’(김태리)이&nbsp;<br> 엄청난 현상금이 걸린 신검을 차지하기 위해 서로를 속고 속이는 가운데&nbsp;<br> 신검의 비밀을 찾는 두 신선 ‘흑설’(염정아)과 ‘청운’(조우진),&nbsp;<br> 가면 속의 ‘자장’(김의성)도 신검 쟁탈전에 나선다.&nbsp;<br> 그리고 우주선이 깊은 계곡에서 빛을 내며 떠오르는데…</p> \n<p><strong>2022년 인간 속에 수감된 외계인 죄수를 쫓는 이들<br> 1391년&nbsp;고려 말 소문 속의 신검을 차지하려는 도사들</strong></p> \n<p><strong>시간의 문이 열리고<br> 모든 것이 바뀌기 시작했다!</strong></p>','“아주 오래전부터 외계인은 그들의 죄수를 인간의 몸에 가두어 왔다”',99,0,'https://image.ytn.co.kr/general/jpg/2022/0503/202205031326411068_t.jpg'),(1260,'헤어질 결심','헤어질결심',8.20,'https://img.cgv.co.kr/Movie/Thumbnail/Poster/000085/85852/85852_320.jpg','20220629',0,'김신영','박찬욱','-','15세 이상','138분','한국','<p>산 정상에서 추락한 한 남자의 변사 사건.<br> 담당 형사 \'해준\'(박해일)은<br> 사망자의 아내 \'서래\'(탕웨이)와 마주하게 된다.</p> \n<p><em>\"산에 가서 안 오면 걱정했어요, 마침내 죽을까 봐.\"</em></p> \n<p>남편의 죽음 앞에서 특별한 동요를 보이지 않는 \'서래\'.<br> 경찰은 보통의 유가족과는 다른 \'서래\'를 용의선상에 올린다.<br> \'해준\'은 사건 당일의 알리바이 탐문과 신문,<br> 잠복수사를 통해 \'서래\'를 알아가면서<br> 그녀에 대한 관심이 점점 커져가는 것을 느낀다.</p> \n<p>한편, 좀처럼 속을 짐작하기 어려운 ‘서래’는<br> 상대가 자신을 의심한다는 것을 알면서도<br> 조금의 망설임도 없이 ‘해준’을 대하는데….</p> \n<p><em><strong>진심을 숨기는 용의자<br> 용의자에게 의심과 관심을 동시에 느끼는 형사<br> 그들의 &lt;헤어질 결심&gt;</strong></em></p>','진심을 숨기는 용의자 용의자에게 의심과 관심을 동시에 느끼는 형사 그들의 <헤어질 결심>',99,93,'https://img.cgv.co.kr/Movie/Thumbnail/StillCut/000085/85852/85852204405_727.jpg'),(1261,'명탐정 코난-할로윈의 신부','명탐정코난할로윈의신부',6.20,'https://img.cgv.co.kr/Movie/Thumbnail/Poster/000086/86008/86008_320.jpg','20220713',0,'없음','미츠나카 스스무','-','12세 이상','110분','일본','<strong></strong>\n<br> &nbsp;\n<br> 극악무도한 폭파범 ‘플라먀’에 의해 교묘한 함정에 빠진 아무로 토오루!\n<br> 모든 것이 베일에 가려진 ‘플라먀’,\n<br> 유일한 단서는 아무로 토오루가 그의 경찰 동기들과 마지막으로 함께 했던 하루.\n<br> 이와 동시에 결혼식의 신부가 된 경시청의 사토 형사는 불길한 예감을 감출 수 없는데…\n<br> &nbsp;\n<br> 도시 전체를 인질로 삼은 ‘플라먀’,\n<br> 그리고 이를 막으려 하는 아무로 토오루와 명탐정 코난의 숨 막히는 공조!\n<br> \n<br> <strong>다시 시작된 카운트다운, 할로윈의 밤이 광란으로 빛난다!</strong>','트리플 페이스 아무로 토오루, 그의 목에 폭탄이 채워졌다?!',99,0,'https://i.ytimg.com/vi/G5fFKXCp0a8/maxresdefault.jpg'),(1262,'뒤틀린 집','뒤틀린집',4.60,'https://img.cgv.co.kr/Movie/Thumbnail/Poster/000085/85991/85991_320.jpg','20220713',0,'김민재','강동헌','호러, 드라마, 스릴러','15세 이상','91분','한국','<strong></strong>\n<br> \n<br> 피치 못할 사정으로 외딴집에 이사 오게 된 가족.\n<br> 엄마 ‘명혜’는 이사 온 첫 날부터 이 집이 뒤틀렸다고 전하는 이웃집 여자의 경고와\n<br> 창고에서 들리는 불길한 소리로 인해 밤잠을 설친다.\n<br> 아빠 ‘현민’은 그런 ‘명혜’를 신경쇠약으로만 여기고,\n<br> 둘째 딸 ‘희우’는 가족들이 보지 못하는 무언가를 마주하지만 그 사실을 숨긴다.\n<br> 그러던 어느 날, 알 수 없는 기운에 이끌려 잠겨 있던 창고문을 열고 만 명혜는\n<br> 무언가에 사로잡힌 듯 다른 사람처럼 행동하기 시작하는데…\n<br> \n<br> <strong>뒤틀린 틈에서 시작된 비극이 가족을 집어삼키려 한다!</strong>','“이 집에 틈이 있다는 거.. 아세요?”',96,0,'https://i.ytimg.com/vi/AItlKowoEbg/maxresdefault.jpg'),(1263,'미니언즈2','미니언즈2',3.20,'https://img.cgv.co.kr/Movie/Thumbnail/Poster/000083/83127/83127_320.jpg','20220720',0,'양자경','카일 발다','애니메이션, 어드벤처, 코미디','전체','87분','미국','<strong>&nbsp;</strong>\n<br> 세계 최고의 슈퍼 악당을 꿈꾸는 미니보스 ‘그루’와 그를 따라다니는 미니언들.\n<br> 어느 날 그루는 최고의 악당 조직 ‘빌런6’의 마법 스톤을 훔치는데 성공하지만&nbsp;\n<br> 뉴페이스 미니언 ‘오토’의 실수로 스톤을 잃어버리고 빌런6에게 납치까지 당한다.\n<br> 미니보스를 구하기 위해 잃어버린 스톤을 되찾아야 하는 ‘오토’, 그리고 쿵푸를 마스터해야 하는 ‘케빈’, ‘스튜어트’, ‘밥’!\n<br> <strong>올여름 극장가를 점령할 MCU(미니언즈 시네마틱 유니버스)가 돌아온다!</strong>','오랜마니언!',99,0,'https://i.ytimg.com/vi/8olLSg1ASCg/maxresdefault.jpg'),(1264,'더 킬러-죽어도 되는 아이','더킬러죽어도되는아이',3.00,'https://img.cgv.co.kr/Movie/Thumbnail/Poster/000085/85989/85989_320.jpg','20220713',0,'이서영','최재훈','액션','청소년 관람불가','95분','한국','<em><strong></strong></em>\n<br> \n<br> 은퇴 후 성공적인 재테크로 호화롭게 생활하는 전설의 킬러 ‘의강’이\n<br> 제멋대로 행동하는 여고생 ‘윤지’를 떠맡게 된다.&nbsp;\n<br> \n<br> 단기간 보호자 역할만 하면 될 거라고 가볍게 여긴 순간\n<br> ‘윤지’가 납치되는 사건이 일어나는데…\n<br> \n<br> “걔는 다치면 안 되는 아이야”\n<br> 애써 잠재운 ‘의강’의 본능이 깨어난다!','평화를 위해 다시 시작된 킬러 본능!',98,0,'https://entertainimg.kbsmedia.co.kr/cms/uploads/BBSIMAGE_20220604062816_4387cf72e94872b17a3e339f9b18084d.jpg'),(1265,'멘','멘',1.80,'https://img.cgv.co.kr/Movie/Thumbnail/Poster/000086/86017/86017_320.jpg','20220713',0,'로리 키니어','알렉스 가랜드','호러','청소년 관람불가','100분','영국','<div>\n <strong></strong>\n <br> <strong>그들은 혼자가 아니다</strong>\n <br> &nbsp;\n <br> 남편의 죽음 이후, 마음을 치유하기 위해\n <br> 평화롭고 아름다운 영국 시골 마을을 찾은 \'하퍼\'\n <br> &nbsp;\n <br> 어느 순간부터 집 주변의 숲에서 온 정체 모를 누군가,\n <br> 아니 \'무언가\'가 그를 따라다니기 시작한다.\n <br> &nbsp;\n <br> 공포에 질린 \'하퍼\'는 마을 사람들에게 도움을 청하지만\n <br> 경찰관, 목사, 바텐더, 심지어 어린 소년까지\n <br> 그들 모두 기묘한 반응을 보이는데…\n</div>','당신을 따라다니는 공포',99,0,'https://i.ytimg.com/vi/Fv_p8GFM0Vo/maxresdefault.jpg'),(1266,'엘비스','엘비스',1.80,'https://img.cgv.co.kr/Movie/Thumbnail/Poster/000085/85950/85950_320.jpg','20220713',0,'톰 행크스','바즈 루어만','드라마','15세 이상','159분','미국','세계 최초의 아이돌, 시대의 아이콘, 영원한 슈퍼스타&nbsp;\n<br> `엘비스`의 모든 것이 뜨겁게 펼쳐진다!&nbsp;\n<br> \n<br> 미국 남부 멤피스에서 트럭을 몰며 음악의 꿈을 키우던 19살의 무명 가수 `엘비스`.\n<br> 지역 라디오의 작은 무대에 서게 된 `엘비스`는 어디서도 본 적 없는 몸짓과 퍼포먼스로 무대를 압도하고,&nbsp;\n<br> 그에게 매료된 관객들에게 뜨거운 환호성을 받는다.&nbsp;\n<br> 쇼 비즈니스 업계에서 일하던 `톰 파커`는 이를 목격하고\n<br> `엘비스`에게 스타로 만들어주겠다고 약속하며 함께할 것을 제안한다.\n<br> \n<br> 자신이 자라난 동네에서 보고 들은 흑인음악을 접목시킨&nbsp;\n<br> 독특한 음색과 리듬, 강렬한 퍼포먼스, 화려한 패션까지&nbsp;\n<br> 그의 모든 것이 대중을 사로잡으며 `엘비스`는 단숨에 스타의 반열에 올라선다.&nbsp;\n<br> 그러나 시대를 앞서 나간 치명적이고 반항적인 존재감은 혼란스러운 시대 상황과 갈등을 빚게 되고\n<br> 지금껏 쌓아온 모든 것이 한순간에 무너질 수 있다고 압박하는 `톰 파커`까지 가세해&nbsp;\n<br> `엘비스`는 그의 뜻과는 다른 선택을 하게 된다.&nbsp;\n<br> 이로 인해 평생을 함께한 매니저 `톰 파커`와의 관계도 조금씩 어긋나기 시작하는데…','',99,0,'https://i.ytimg.com/vi/p060n0SI5Rw/maxresdefault.jpg'),(1267,'큐어','큐어',0.90,'https://img.cgv.co.kr/Movie/Thumbnail/Poster/000085/85857/85857_320.jpg','20220706',0,'오스기 렌','구로사와 기요시','호러','15세 이상','111분','한국','도쿄 지역에서 동일한 방식의 엽기적인 연쇄 살인사건이 발생한다.\n<br> 놀라운 것은 체포된 범인들이 하나같이 회사원, 교사, 경찰, 의사 등 평범한 사람들이라는 것.\n<br> 평소 아무 문제가 없던 사람들이 똑같은 방식으로 살인을 저지른 것에 의문을 품은\n<br> 다카베 형사(야쿠쇼 고지)는 이들이 모두 한 남자를 만난 후\n<br> 범행을 저질렀다는 사실을 알게 된다.','',99,92,'https://mblogthumb-phinf.pstatic.net/20160222_8/okjoa012_14561349289737RtUf_PNG/Cure.1997.XviD.AC3.CD2-WAF_0001701308ms.png?type=w800'),(1268,'범죄도시 2','범죄도시2',0.70,'https://img.cgv.co.kr/Movie/Thumbnail/Poster/000085/85813/85813_320.jpg','20220518',0,'정재광','이상용','-','15세 이상','106분','한국','<em><strong></strong></em>\n<br> \n<br> 가리봉동 소탕작전 후 4년 뒤,\n<br> 금천서 강력반은 베트남으로 도주한 용의자를 인도받아 오라는 미션을 받는다.\n<br> \n<br> 괴물형사 ‘마석도’(마동석)와 ‘전일만’(최귀화) 반장은 현지 용의자에게서 수상함을 느끼고,\n<br> 그의 뒤에 무자비한 악행을 벌이는 ‘강해상’(손석구)이 있음을 알게 된다.\n<br> \n<br> ‘마석도’와 금천서 강력반은 한국과 베트남을 오가며\n<br> &nbsp;역대급 범죄를 저지르는 ‘강해상’을 본격적으로 쫓기 시작하는데...\n<br> \n<br> <em><strong>나쁜 놈들 잡는 데 국경 없다!<br> 통쾌하고 화끈한 범죄 소탕 작전이 다시 펼쳐진다!&nbsp;</strong></em>','“느낌 오지? 이 놈 잡아야 하는 거”',99,98,'https://i.ytimg.com/vi/UJqt6DOzeYk/maxresdefault.jpg'),(1269,'로스트 도터','로스트도터',0.70,'https://img.cgv.co.kr/Movie/Thumbnail/Poster/000085/85988/85988_320.jpg','20220714',0,'에드 해리스','매기 질렌할','드라마','15세 이상','121분','미국','“집을 나왔어요. 그렇게 딸들을 버렸죠”&nbsp;\n<br> \n<br> 그리스로 혼자 휴가를 떠난 대학 교수 레다는\n<br> 딸을 가진 젊은 여자 니나를 보고 단번에 시선을 빼앗긴다.\n<br> 매일 같은 해변에서 시간을 보내며 서로를 응시하던 두 사람,\n<br> 갑자기 니나의 딸이 사라지고 레다는 옛 기억을 떠올린다.','',99,0,'https://img1.daumcdn.net/thumb/R1280x0/?fname=http://t1.daumcdn.net/brunch/service/user/77uw/image/KRXMyNSrp1Gspjyns9Fl2QPJxkk.jpg'),(1270,'마녀(魔女) Part2. The Other One','마녀Part2TheOtherOne',0.50,'https://img.cgv.co.kr/Movie/Thumbnail/Poster/000085/85871/85871_320.jpg','20220615',0,'김다미','박훈정','액션','15세 이상','137분','한국','<div>\n 통제불능의 존재가 세상 밖으로 나왔다!\n <br> &nbsp;\n <br> ‘자윤’이 사라진 뒤,&nbsp;정체불명의 집단의 무차별 습격으로 마녀 프로젝트가 진행되고 있는&nbsp;‘아크’가 초토화된다.\n <br> 그곳에서 홀로 살아남은&nbsp;‘소녀’는 생애 처음 세상 밖으로 발을 내딛고\n <br> 우연히 만난&nbsp;‘경희’의 도움으로 농장에서 지내며 따뜻한 일상에 적응해간다.\n <br> 한편, ‘소녀’가 망실되자 행방을 쫓는 책임자&nbsp;‘장’과\n <br> 마녀 프로젝트의 창시자&nbsp;‘백총괄’의 지령을 받고 제거에 나선 본사 요원&nbsp;‘조현’,\n <br> ‘경희’의 농장 소유권을 노리는 조직의 보스&nbsp;‘용두’와\n <br> 상해에서 온 의문의&nbsp;4인방까지\n <br> 각기 다른 목적을 지닌 세력이 하나 둘 모여들기 시작하면서&nbsp;‘소녀’&nbsp;안에 숨겨진 본성이 깨어나는데…\n <br> &nbsp;\n <br> 모든 것의 시작,\n <br> 더욱 거대하고 강력해진 마녀가 온다.\n</div>','',99,84,'https://img.cgv.co.kr/Movie/Thumbnail/StillCut/000085/85871/85871203582_727.jpg'),(1271,'비욘드 라이브 더 무비 : 샤이니 월드','비욘드라이브더무비샤이니월드',0.60,'https://img.cgv.co.kr/Movie/Thumbnail/Poster/000086/86000/86000_320.jpg','20220629',0,'없음','없음','-','없음','없음','없음','SHINee(샤이니, 에스엠엔터테인먼트 소속)의 첫 온라인 콘서트 ‘Beyond LIVE - SHINee : SHINee WORLD’의 감동이\n<br> ‘비욘드 라이브 더 무비 : 샤이니월드’를 통해 스크린으로 다시 펼쳐집니다. &nbsp;\n<br> \n<br> 눈을 뗄 수 없는 SHINee의 무대와 콘서트 현장을 생생하게 담은 사운드와 함께\n<br> 어디에서도 공개된 적 없는 아티스트들의 비하인드 영상까지 최초 공개될 예정입니다.\n<br> &nbsp;\n<br> SHINee의 3년여만의 단독 콘서트이자 첫 번째 온라인 콘서트를 비하인드 영상과 함께\n<br> 감상할 수 있는 ‘비욘드 라이브 더 무비 : 샤이니월드’를 오직 국내 CGV에서 만나보세요!','',99,99,'https://entertainimg.kbsmedia.co.kr/cms/uploads/CONTENTS_20220625070107_b40e4b509bbfddc3fece2f59857c207a.jpg'),(1272,'배드 럭 뱅잉 무삭제판','배드럭뱅잉무삭제판',0.40,'https://img.cgv.co.kr/Movie/Thumbnail/Poster/000086/86005/86005_320.jpg','20220630',0,'니코딤 웅그레아누','라두 주데','드라마','청소년 관람불가','106분','룩셈부르크','마녀재판을 화끈하게 뒤집는 원더우먼이 나타났다!?\n<br> \n<br> 남편과 합의하에 찍은 섹스 비디오가\n<br> 포르노 사이트에 유출된 사실을&nbsp;\n<br> 뒤늦게 발견한 교사 에미.\n<br> \n<br> 학생들 사이에서 비디오가 금세 퍼졌고,\n<br> 이를 알게 된 동료 교사들과 학부모들이\n<br> 에미를 해임하기 위해 긴급회의를 소집한다.\n<br> \n<br> 심판대에 서서 온갖 조롱과 모욕을 당하던\n<br> 에미는 결국 분노를 대폭발시키는데…','',0,80,'https://artlecture.com/data/page/202110/editor_upload_20211008112323_7259.png'),(1273,'펄프 픽션','펄프픽션',0.30,'https://img.cgv.co.kr/Movie/Thumbnail/Poster/000082/82616/82616_320.jpg','20220630',0,'없음','쿠엔틴 타란티노','-','미정','153분','미국','LA의 암흑가를 배경으로, 갱단 두목 ‘마셀러스’와 그의 정부 ‘미아’, 마셀러스의 부하 ‘빈센트’와 ‘줄스’, 그리고 마셀러스가 노리는 한물간 권투선수 ‘부치’ &nbsp;등의 인물들이 서로 얽히면서 벌어지는 세가지의 섬뜩한 범죄와 인생 이야기.&nbsp;','',99,97,'https://t1.daumcdn.net/thumb/R720x0/?fname=http://t1.daumcdn.net/brunch/service/user/53H5/image/5Mv6nmRKRq4ZIZ9ueiU_A6cTeqo.jpg'),(1274,'빅샤크4-바다공룡 대모험','빅샤크4바다공룡대모험',0.20,'https://img.cgv.co.kr/Movie/Thumbnail/Poster/000085/85238/85238_320.jpg','20220706',0,'박시윤','장초','어드벤처','전체','85분','중국','<strong>오~~마이~ 샤크!&nbsp;<br> 바다왕국에 공룡이 나타났다!</strong>\n<br> \n<br> 빅샤크와 바닷속 친구들은 마법의 돌 매직스톤을 찾아&nbsp;\n<br> 바다 끝 세계로 모험을 떠난다.&nbsp;\n<br> 하지만 곧 엄청난 해저 소용돌이에 휩쓸리고 마는데&nbsp;\n<br> 그 곳은 바로 전설 속 거대한 바다공룡이 사는 신비세계.&nbsp;\n<br> 거대한 공룡과 살아있는 삼엽충, 대왕 바다전갈에 몬스터 물고기까지...&nbsp;\n<br> 빅샤크와 친구들은 온갖 고생대 해양생물들의 위협을 피해&nbsp;\n<br> 무사히 바다왕국으로 돌아갈 수 있을까?&nbsp;\n<br> 스케일이 다른, 5억만년 전의 신비한 해저세계가 눈앞에 가득 펼쳐진다!','오~~마이~ 샤크! 바다왕국에 공룡이 나타났다!',94,87,'https://img.cgv.co.kr/Movie/Thumbnail/StillCut/000085/85238/85238203917_727.jpg'),(1275,'컴온 컴온','컴온컴온',0.20,'https://img.cgv.co.kr/Movie/Thumbnail/Poster/000085/85920/85920_320.jpg','20220630',0,'가비 호프만','마이크 밀스','드라마','12세 이상','109분','미국','“와서 들어줘, 나의 슬픔! 와서 들려줘, 너의 기쁨!”\n<br> \n<br> 어린이의 삶과 미래에 대해 인터뷰하는 라디오 저널리스트 조니.\n<br> 어머니의 죽음 이후 오랜 시간 등돌리고 살던 여동생 비브의 부탁으로\n<br> 육아 난이도 극상에 어디로 튈지 모르는 9살 조카 제시를 돌보게 된다.\n<br> 뜻하지 않게 즐거운 시간과 슬픔의 시간,\n<br> 조용한 밤과 흥미로운 낮 시간을 함께하게 된 둘.\n<br> 조니는 제시에게도 인터뷰를 시도하지만\n<br> 도리어 질문 세례를 받고 마음 깊은 곳에 숨겨둔 과거를 꺼내게 되는데...\n<br> 이 변화무쌍한 세상 속에 어쩐지 우리, 진짜 가족이 된 것만 같다!','',99,93,'https://img.cgv.co.kr/Movie/Thumbnail/StillCut/000085/85920/85920203293_727.jpg'),(1279,'[사이다경제_사계강의(여름)] 매일 타는 지하철에 돈 되는 부동산 정보가 숨어있다','사이다경제사계강의여름매일타는지하철에돈되는부동산정보가숨어있다',0.00,'https://img.cgv.co.kr/Movie/Thumbnail/Poster/000085/85984/85984_320.jpg','20220712',0,'없음','없음','-','없음','없음','없음','CGV와 사이다경제가 선물하는 계절 경제 이야기\n<br> : 사계 프로젝트\n<br> \n<br> 여름&nbsp;PROJECT <strong>&lt;땀 흘려 돈 버는 모든 이들에게</strong><strong>&gt;</strong>\n<br> 제목 : <strong>매일 타는 지하철에 돈 되는 부동산 정보가 숨어있다</strong>\n<br> \n<br> - 일시 : 7/12(화) 19:30~21:30\n<br> <span style=\"font-size:1em\">- 장소 : CGV 청담씨네시티 Mcube<br> - 강사 :&nbsp;백승혜</span>&nbsp;리더\n<br> \n<br> <strong>프로그램 구성</strong>\n<br> 19:30~21:20 본 세미나 진행\n<br> 21:20~21:30 Q&amp;A\n<br> \n<br> <strong>클래스 커리큘럼</strong>\n<br> <strong>1. </strong><strong>부동산 투자, 왜? 지하철인가?</strong>\n<br> - 왜? 지하철을 알아야 할까?\n<br> - 부동산 상승 요인 3가지\n<br> - 지하철도 등급이 있다\n<br> - 5가지 등급별 노선 살펴보기\n<br> &nbsp;\n<br> <strong>2. </strong><strong>향후 10년간 부동산 가격 상승을 이끌 지하철 노선</strong>\n<br> - 지하철 역사 48년, 재건축과 지하철\n<br> - 지하철의 현재\n<br> - 지하철 연장선 9개 노선\n<br> - 지하철 신규 노선 16개 노선\n<br> - 앞으로 10년 동안 주목해야 할 핵심 역 10개','<땀 흘려 돈 버는 모든 이들에게',0,0,'http://img.cgv.co.kr/Movie/Thumbnail/Poster/000085/85984/85984_1000.jpg'),(1285,'그레이 맨','그레이맨',0.00,'https://img.cgv.co.kr/Movie/Thumbnail/Poster/000086/86043/86043_320.jpg','20220713',0,'레지 장 페이지','안소니 루소','액션, 스릴러','미정','127분','미국','그 누구도 실체를 몰라 ‘그레이 맨’으로 불리는 CIA의 암살 전문 요원이&nbsp;\n<br> 우연히 CIA의 감추고 싶은 비밀을 알게 되고,&nbsp;\n<br> CIA의 사주를 받은 사이코패스 전 동료에게 쫓기며 시작되는 액션 블록버스터','',99,0,'http://www.newsculture.press/news/photo/202204/509008_617371_1142.jpg'),(1286,'핸썸','핸썸',0.00,'https://img.cgv.co.kr/Movie/Thumbnail/Poster/000086/86014/86014_320.jpg','20220713',0,'박솔미','김동욱','코미디','12세 이상','93분','한국','얼굴만 보면 100% 조폭!\n<br> 어느 날 내가 강력반 제일가는 꽃미남이 되었다?!\n<br> \n<br> 범죄 소탕 작전 잠입수사가 한창, 착하고 순한 성격과는 달리\n<br> 얼굴만 보면 조폭이 더 어울리는 정식 경찰 ‘노미남’.\n<br> 어느 날, 동료 형사의 싸움을 말리다 사고를 당해 수술 후 한달만에 깨어났다.\n<br> 그런데, 깨어나 처음 본 내 얼굴이 달라졌다?!\n<br> 조폭 같은 NO미남에서 세계 최고의 미남이 되었다!\n<br> 나를 보는 남들의 시선도 달라져 보이는 나르시시즘에 빠진 ‘노미남’.\n<br> 얼굴만 믿고 나서는 강력반 제일가는 골치덩이가 되어\n<br> 결국 변두리 미용실 잠입수사로 밀리게 되는데...\n<br> \n<br> 못생긴 나에게 찾아온 초대형 기회! 과연 그 결과는?','',0,0,'http://www.newsfreezone.co.kr/news/photo/202206/389553_369290_221.jpg'),(1288,'군다','군다',0.00,'https://img.cgv.co.kr/Movie/Thumbnail/Poster/000086/86023/86023_320.jpg','20220714',0,'없음','빅토르 코사코프스키','-','전체','93분','노르웨이','돼지, 소, 닭의 평온한 일상은 인간을&nbsp;\n<br> 대자연의 세계로 초대한다.','',0,0,'https://i.ytimg.com/vi/pRDFTM06pUw/maxresdefault.jpg'),(1289,'메모리','메모리',0.00,'https://img.cgv.co.kr/Movie/Thumbnail/Poster/000085/85925/85925_320.jpg','20220714',0,'레이 스티븐슨','마틴 캠벨','범죄, 액션','15세 이상','114분','미국','<strong></strong>\n<br> \n<br> 단 한번의 실패도 실수도 용납할 수 없는 킬러 ‘알렉스’(리암 니슨)\n<br> 어느 날, 그에게 새로운 의뢰가 들어온다.\n<br> \n<br> 오직 자신의 신념에 따라 움직인 그는\n<br> 이 사건에 한 소녀가 연관되어 있음을 알게 되고 단칼에 거절한다.\n<br> \n<br> 의뢰를 거절했다는 이유로, 모두의 표적이 되어버린 그는\n<br> 오래된 병으로 인해 희미해져 가는 기억을 붙잡고,\n<br> 소녀와 자신을 지키기 위해 의뢰에 연관된 모든 것들을 응징하기로 한다.\n<br> \n<br> 한편, 멕시코 국경에서 사건을 맹렬히 쫓던\n<br> FBI 요원 ‘빈센트’(가이 피어스)는 ‘알렉스’를 만나게 되고,\n<br> 두 사람은 이 사건의 거대한 비밀과 마주하게 되는데…\n<br> \n<br> <strong>사라지는 기억, 더욱 선명해지는 정의!<br> 마지막 응징이 시작된다!&nbsp;</strong>','반드시 심판해야 한다!',99,0,'https://i.ytimg.com/vi/C97lKxhSIcw/maxresdefault.jpg'),(1290,'[LIVE CLASS 씨네블라썸 with Isaac] 엘비스','LIVECLASS씨네블라썸withIsaac엘비스',0.00,'https://img.cgv.co.kr/Movie/Thumbnail/Poster/000086/86048/86048_320.jpg','20220716',0,'없음','없음','-','없음','없음','없음','<p>CGV왕십리 씨네&amp;리빙룸에서 즐기는 \'LIVE 플라워클래스 x Movie\'<br> (LIVE CLASS)씨네블라썸 with Isaac</p> \n<p># 7/16(토) 13시&nbsp;<br> # 플라워 클래스 : 플라워 바스켓<br> # 영화 : &lt;엘비스&gt;<br> <img alt=\"\" height=\"253\" src=\"http://img.cgv.co.kr/Event/cultureplexPhoto/16571558984290.jpeg\" width=\"190\"><br> &gt; 클래스의 상세 이미지는 변동 가능성이 있습니다.<br> <br> * &lt;씨네블라썸&gt;은 LIVE플라워클래스&nbsp;x 영화관람 2인 패키지 상품입니다.<br> * 플라워 클래스 1시간 + 영화관람 2시간&nbsp;<br> * 1인 1개의 플라워 클래스 원재료가 지급 됩니다.<br> &nbsp; &nbsp; (1인 5만원 상당)<br> * \'플로리스트 이삭\'의 클래스를 실시간 라이브 수강하는 프로그램 입니다.<br> * 13시 정각에 라이브 클래스가 시작 됩니다. 미리 입장하여 씨네&amp;리빙룸을 즐기세요<br> * 실시간 오픈 채팅을 통해 강사와 소통 가능합니다.<br> * 진행 전일 23시 까지 10인 미만 예매 시 클래스가 취소됩니다 (취소시 개별연락)<br> *&nbsp;예매와 취소는 전일 23:59까지 가능하며, 당일 예매&amp;환불 불가 상품 입니다.<br> * 클래스에 필요한 원재료가 제공되며, 가위와 기타 도구는 대여해드립니다.<br> * 플라워 클래스 세부적인 내용은 변경 될 수 있습니다.<br> * 기타 쿠폰/관람권 할인 적용 불가상품 입니다.</p>','',0,0,'http://img.cgv.co.kr/Movie/Thumbnail/Poster/000084/84786/84786_150.jpg'),(1291,'[콘서트&다이닝]달리의 식탁','콘서트다이닝달리의식탁',0.10,'https://img.cgv.co.kr/Movie/Thumbnail/Poster/000086/86025/86025_320.jpg','20220717',0,'없음','없음','-','없음','없음','없음','<strong>※본 콘텐츠는 ‘첼리스트 윤지원’의 라이브 연주 및 해설이 함께하는 렉쳐 콘서트와, 씨네드쉐프의 ‘정호석 총괄쉐프’의 시그니처 코스메뉴가 제공되는 \'콘서트 &amp; 다이닝\' 프로그램 입니다.</strong>\n<br> <strong>※본 콘텐츠는 식사가 포함되어 있어, 진행 당일 취소 및 변경이 불가합니다.</strong>\n<br> &nbsp;\n<br> <strong>■ 아트&amp;다이닝 프로그램 일정</strong>\n<br> 1) 씨네드쉐프 압구정 : 7/17(일) 12:40 콘서트, 14:00 다이닝\n<br> 2) 씨네드쉐프 용 &nbsp;산 : 7/24(일) 16:10 콘서트, 17:30 다이닝\n<br> 3) 씨네드쉐프 센 &nbsp;텀 : 7/31(일) 16:10 콘서트, 17:30 다이닝\n<br> &nbsp;\n<br> <strong>■ 아트큐레이터 ‘윤지원’</strong>\n<br> - 베르사유 국립음악원 최고 연주자 과정을 졸업한 윤지원 아트큐레이터는 프랑스 OECE, KBS 등 국내외 수많은 강연을 진행하며, 다양한 예술 콘텐츠를 제작하고 있습니다. 2021년 포브스 코리아 예술 부분에 선정되었으며 저서로 [음악이 흐르는 미술관]이 있습니다.\n<br> &nbsp;\n<br> <strong>■ 강연 내용</strong>\n<br> <strong><u>클래식 그림요리, 렉쳐콘서트 &lt;예술가의 식탁&gt;</u></strong>\n<br> <strong><u>예술로 요리를, 요리로 예술을 맛보다!</u></strong>\n<br> - 윤지원의 &lt;예술가의 식탁&gt; 시리즈는 명화, 라이브 첼로 연주, 해설이 함께하는 렉쳐 콘서트가 ‘요리’라는 키워드로 진행됩니다.\n<br> 콘서트로 예술가들의 삶과 작품을 알아간 뒤, 공연과 연계되는 CINE de CHEF의 코스 요리를 함께 맛보실 수 있습니다.\n<br> 음악과 미술, 요리를 동시에 맛보는 예술 미식 여행을 떠나보세요!\n<br> &nbsp;\n<br> <strong><u>7</u></strong><strong><u>월의 콘서트, &lt;살바도르 달리의 식탁&gt;</u></strong>\n<br> &lt;달리의 식탁&gt;은 스페인 요리를 중심으로 스페인 예술을 알아보는 음악, 미술, 미식 종합 컨텐츠입니다\n<br> 스페인 예술가 ‘살바도르 달리’와 까망베르, 치즈, 사탕은 어떤 관계일까요?\n<br> 스페인 화가 ‘벨라스케스’의 작품과 계란 아이올리 소스는 어떻게 연결될까요?\n<br> 1부에서는 첼리스트 윤지원이 전하는 스페인 예술, 요리 이야기와 라이브 첼로 연주를 감상하고,\n<br> 2부에서는 씨네드쉐프 레스토랑에서 공연에서 소개된 스페인 코스 요리를 직접 맛보게 됩니다.\n<br> 올 7월, 씨네드쉐프와 함께 스페인으로 미식 예술 여행을 떠나보세요!\n<br> &nbsp;\n<br> <strong>■</strong><strong> 다이</strong><strong>닝</strong><strong> 안내</strong>\n<br> - 세계적 명성을 가진 프랑스 ‘폴 보퀴즈 Paul Bocuse’ 출신 정호석 총괄쉐프와 수제자들이 함께 요리를 준비합니다. 렉쳐 콘서트의 내용을 바탕으로 예술가의 삶과 작품 속 이야기가 녹아든 특별한 스페인식 코스 요리를 선보입니다.\n<br> \n<br> <span style=\"background-color:#d3d3d3\">- </span><strong><span style=\"background-color:#d3d3d3\">Salvador Dali’s Spain Table</span></strong>\n<br> <strong>[식전빵] 카르멘의 타파스 </strong>\n<br> 세비아를 배경으로 한 오페라 비제 ‘카르멘’의 매혹적인 이야기\n<br> ♬ 비제, 오페라 &lt;카르멘&gt; 중 “하바네라”\n<br> <strong>[</strong><strong>에피타이저] 벨라스케스의 아이올리 뽈뽀 </strong>\n<br> 스페인의 위대한 화가 벨라스케스의 작품 속 아이올리 소스와 문어요리\n<br> ♬ 로드리고, &lt;아랑후에즈 협주곡&gt; 2악장\n<br> &nbsp;\n<br> <strong>[</strong><strong>메인요리] 달리의 양갈비와 까망베르</strong>\n<br> 살바도르 달리가 사랑한 양갈비와 녹아내리는 시계\n<br> ♬ 마누엘 데 파야, 스페인 춤곡 5번\n<br> &nbsp;\n<br> <strong>[</strong><strong>디저트] 캔디 범벅</strong>\n<br> 달리가 만든 춥파춥스의 메이커 이미지\n<br> ♬ 타레가, &lt;알함브라 궁전의 추억&gt;\n<br> &nbsp;','※본 콘텐츠는 ‘첼리스트 윤지원’의 라이브 연주 및 해설이 함께하는 렉쳐 콘서트와, 씨네드쉐프의 ‘정호석 총괄쉐프’의 시그니처 코스메뉴가 제공되는 \'콘서트 & 다이닝\' 프로그램 입니다.',0,0,'http://img.cgv.co.kr/Movie/Thumbnail/Poster/000086/86025/86025_150.jpg'),(1292,'[아트&다이닝]인간을 향한 건축, 로마','아트다이닝인간을향한건축로마',0.00,'https://img.cgv.co.kr/Movie/Thumbnail/Poster/000085/85592/85592_320.jpg','20220717',0,'없음','없음','-','없음','없음','없음','<strong></strong>\n<br> &nbsp;\n<br> <strong>※ 본 프로그램은 식사가 포함되어 있어, 진행 당일 취소 및 변경이 불가합니다.</strong>\n<br> &nbsp;\n<br> <strong>■ 아트&amp;다이닝 프로그램 일정 </strong>\n<br> 1) 씨네드쉐프 용 &nbsp;산: 7/17(일) 16:00 강연, 17:30 레스토랑 식사\n<br> 2) 씨네드쉐프 센 &nbsp;텀: 7/24(일) 16:00 강연, 17:30 레스토랑 식사\n<br> 3) 씨네드쉐프 압구정: 7/31(일) 12:30 강연, 14:00 레스토랑 식사\n<br> &nbsp;\n<br> <strong>■ 아트가이드 소개</strong>\n<br> <strong>- </strong><strong>김용설 아트가이드</strong>\n<br> 現 한국자전거나라 인문학 강사\n<br> 前 유로자전거나라 이탈리아 가이드\n<br> &nbsp;\n<br> <strong>■ 강연 내용</strong>\n<br> 무려 기원전 753년 작은 도시로 시작해 지중해를 장악한 로마. 많은 도시를 정복하면서 로마보다 먼저 문명을 꽃피웠던 곳들의 건축기술을 수용하여 로마 ‘사람’들의 삶이 풍요로워지는 실용적인 건축물들을 만들어냅니다. 그들의 건축이 향하는 곳에는 항상 인간이 있었고, 그 인간을 위한 곳이었던 로마를 만나는 시간입니다.\n<br> &nbsp;\n<br> <strong>1. </strong><strong>신에서 인간으로</strong>\n<br> 지중해를 장악한 로마가 처음으로 그리스에 발을 내딛는 순간. 그 순간부터 인간들을 향한 로마의 건축적인 항해가 시작됩니다. 단지, 신을 위한 신전을 만들어낸 그리스인들, 로마는 신을 위한 공간에 인간을 위한 공간을 더했고, 로마가 실용성에 초점을 두어 신전을 재해석한 모습을 함께 보려 합니다.\n<br> &nbsp;\n<br> <strong>2. </strong><strong>로마 시민으로서의 삶</strong>\n<br> 실용적인 건축을 추구했던 로마. 그 실용성이 향하는 방향은 항상 인간이었고, 로마의 시민이었습니다. 안전한 집에서 살며 수도교 건설을 통해 풍족하게 물을 사용할 수 있었고, 밖에서는 포로 로마노와 콜로세움에서 로마 시민으로서의 삶을 즐겼던 그들의 모습을 만나봅니다.\n<br> &nbsp;\n<br> <strong>3. </strong><strong>로마를 넘어</strong>\n<br> 이제는 로마 시민들을 넘어 자신들이 정복한 나라의 ‘사람’들까지 자신들의 건축기술과 문화를 사용할 수 있도록 로마는 이전에는 본 적 없던 로마만의 길을 건설합니다. 그 길을 통해 로마가 건축을 한 이유는 시작도 끝도 바로 ‘인간 때문이었다’는 것을 통해 로마의 내면을 들여다봅니다.\n<br> &nbsp;\n<br> <strong>■ 다이닝 안내</strong>\n<br> - 세계적인 명문학교 프랑스 ‘폴 보퀴즈’ 출신 정호석 총괄쉐프가 직접 만든 식사를 경험하고 자유롭게 이야기하는 시간입니다.\n<br> 식사는 Italy Special 4 Courses로 제공되며, 메뉴와 어울리는 와인 페어링(2종)도 준비되어 있습니다.\n<br> 와인 페어링(2종)은 현장에서 별도 주문 후 이용 가능합니다.\n<br> &nbsp;\n<br> <strong><span style=\"background-color:#d3d3d3\">- Italy Special 4 Courses</span></strong>\n<br> [에피타이저] Shrimp Caponata &amp; Bread 쉬림프 카포나타 &amp; 브레드\n<br> [스프] Chef’s Choice Soup 오늘의 스프\n<br> [메인요리] Australian Tenderloin &amp; Gnocchi 안심 스테이크와 구운 감자뇨끼\n<br> [디저트] Tiramisu 티라미수','※본 콘텐츠는 이탈리아의 아트가이드와 영원한 도시 로마에 남겨진 찬란한 곳들을 여행하며, 미식의 나라 이탈리아의 스페셜 코스 메뉴들을 함께 곁들일 수 있는 시간입니다.',0,0,'http://img.cgv.co.kr/Movie/Thumbnail/Poster/000085/85592/85592_1000.jpg'),(1293,'[사이다경제_사계강의(여름)] 부동산 직업의 세계와 취업의 모든 것','사이다경제사계강의여름부동산직업의세계와취업의모든것',0.00,'https://img.cgv.co.kr/Movie/Thumbnail/Poster/000085/85985/85985_320.jpg','20220719',0,'없음','없음','-','없음','없음','없음','CGV와 사이다경제가 선물하는 계절 경제 이야기\n<br> : 사계 프로젝트\n<br> \n<br> 여름&nbsp;PROJECT <strong>&lt;땀 흘려 돈 버는 모든 이들에게</strong><strong>&gt;</strong>\n<br> 제목 : <strong>부동산 직업의 세계와 취업의 모든 것</strong>\n<br> \n<br> - 일시 : 7/19(화) 19:30~21:30\n<br> <span style=\"font-size:1em\">- 장소 : CGV 청담씨네시티 Mcube<br> - 강사 :&nbsp;민성식</span>&nbsp;리더\n<br> \n<br> <strong>프로그램 구성</strong>\n<br> 19:30~21:20 본 세미나 진행\n<br> 21:20~21:30 Q&amp;A\n<br> \n<br> <strong>클래스 커리큘럼</strong>\n<br> <strong>1. </strong><strong>부동산 업계를 알면 취업이 보인다</strong>\n<br> - 부동산 직업의 종류와 하는 일\n<br> - 취업을 위한 배경지식 및 정보를 찾는 방법\n<br> - 부동산 업계 취업을 위한 실전 전략과 전술\n<br> &nbsp;\n<br> <strong>2. </strong><strong>부동산 업계만의 독특한 특징</strong>\n<br> - 알아 두면 유용한 업계 분위기\n<br> - 미리 들여다본 부동산 회사 조직도\n<br> &nbsp;\n<br> <strong>3. </strong><strong>미리 준비하는 실전 업무 기술</strong>\n<br> - 업무 능력을 높이는 노하우\n<br> - 부동산 업계에서 성장하는 법\n<br> - 취업 이후 커리어 플랜과 직업으로서 전망\n<br> - 취업이나 이직에 유리한 부동산 자격증','<땀 흘려 돈 버는 모든 이들에게',0,0,'http://img.cgv.co.kr/Movie/Thumbnail/Poster/000085/85985/85985_1000.jpg'),(1617,'노스맨','노스맨',0.20,'https://img.cgv.co.kr/Movie/Thumbnail/Poster/000086/86049/86049_320.jpg','20220831',0,'안야 테일러 조이','로버트 에거스','전쟁','청소년 관람불가','137분','미국','<div>\n 10세기 아이슬란드, 숙부를 향한 \'암레트\' 왕자의 복수극을 그린 영화\n</div>','',99,0,'https://blog.kakaocdn.net/dn/4pXzT/btrBYDINbXZ/tzA7kW08JKYGwhct5vabW1/img.png');
/*!40000 ALTER TABLE `movie` ENABLE KEYS */;
UNLOCK TABLES;


--
-- Table structure for table `distribution`
--

DROP TABLE IF EXISTS `distribution`;
/*!40101 SET @saved_cs_client     = @@character_set_client */;
/*!50503 SET character_set_client = utf8mb4 */;
CREATE TABLE `distribution` (
  `seq` int NOT NULL AUTO_INCREMENT,
  `movie_seq` int DEFAULT NULL,
  `male` decimal(3,2) DEFAULT NULL,
  `female` decimal(3,2) DEFAULT NULL,
  `teenager` decimal(3,2) DEFAULT NULL,
  `twenty` decimal(3,2) DEFAULT NULL,
  `thirty` decimal(3,2) DEFAULT NULL,
  `forty` decimal(3,2) DEFAULT NULL,
  `fifty` decimal(3,2) DEFAULT NULL,
  PRIMARY KEY (`seq`),
  KEY `movie_seq` (`movie_seq`),
  CONSTRAINT `distribution_ibfk_1` FOREIGN KEY (`movie_seq`) REFERENCES `movie` (`seq`)
) ENGINE=InnoDB DEFAULT CHARSET=utf8mb4 COLLATE=utf8mb4_0900_ai_ci;
/*!40101 SET character_set_client = @saved_cs_client */;

--
-- Dumping data for table `distribution`
--

LOCK TABLES `distribution` WRITE;
/*!40000 ALTER TABLE `distribution` DISABLE KEYS */;
/*!40000 ALTER TABLE `distribution` ENABLE KEYS */;
UNLOCK TABLES;

--
-- Table structure for table `location`
--

DROP TABLE IF EXISTS `location`;
/*!40101 SET @saved_cs_client     = @@character_set_client */;
/*!50503 SET character_set_client = utf8mb4 */;
CREATE TABLE `location` (
  `seq` int NOT NULL AUTO_INCREMENT,
  `city` varchar(15) DEFAULT NULL,
  `city_detail` varchar(25) DEFAULT NULL,
  PRIMARY KEY (`seq`)
) ENGINE=InnoDB AUTO_INCREMENT=2865 DEFAULT CHARSET=utf8mb4 COLLATE=utf8mb4_0900_ai_ci;
/*!40101 SET character_set_client = @saved_cs_client */;

--
-- Dumping data for table `location`
--

LOCK TABLES `location` WRITE;
/*!40000 ALTER TABLE `location` DISABLE KEYS */;
INSERT INTO `location` VALUES (25,'서울특별시','가산디지털'),(26,'서울특별시','가양'),(27,'서울특별시','강동'),(28,'서울특별시','건대입구'),(29,'서울특별시','김포공항'),(30,'서울특별시','노원'),(31,'서울특별시','도곡'),(32,'서울특별시','독산'),(33,'서울특별시','브로드웨이'),(34,'서울특별시','서울대입구'),(35,'서울특별시','수락산'),(36,'서울특별시','수유'),(37,'서울특별시','신도림'),(38,'서울특별시','신림'),(39,'서울특별시','에비뉴엘'),(40,'서울특별시','영등포'),(41,'서울특별시','용산'),(42,'서울특별시','월드타워'),(43,'서울특별시','은평'),(44,'서울특별시','장안'),(45,'서울특별시','중랑'),(46,'서울특별시','청량리'),(47,'서울특별시','합정'),(48,'서울특별시','홍대입구'),(49,'부산광역시','광복'),(50,'부산광역시','대영'),(51,'부산광역시','동래'),(52,'부산광역시','동부산아울렛'),(53,'부산광역시','드라이브오시리아'),(54,'부산광역시','부산명지'),(55,'부산광역시','부산본점'),(56,'부산광역시','사상'),(57,'부산광역시','서면'),(58,'부산광역시','센텀시티'),(59,'부산광역시','오투(부산대)'),(60,'부산광역시','프리미엄해운대'),(61,'대구광역시','대구광장'),(62,'대구광역시','대구율하'),(63,'대구광역시','대구현풍'),(64,'대구광역시','동성로'),(65,'대구광역시','상인'),(66,'대구광역시','성서'),(67,'대구광역시','프리미엄만경'),(68,'대구광역시','프리미엄칠곡'),(69,'인천광역시','부평'),(70,'인천광역시','부평역사'),(71,'인천광역시','영종하늘도시'),(72,'인천광역시','인천아시아드'),(73,'인천광역시','인천터미널'),(74,'대전광역시','대전'),(75,'대전광역시','대전둔산'),(76,'대전광역시','대전관저'),(77,'대전광역시','대전센트럴'),(78,'광주광역시','광주'),(79,'광주광역시','광주광산'),(80,'광주광역시','수완'),(81,'광주광역시','충장로'),(82,'울산광역시','울산'),(83,'울산광역시','울산성남'),(84,'경기도','광교아울렛'),(85,'경기도','광명'),(86,'경기도','광명아울렛'),(87,'경기도','광주터미널'),(88,'경기도','구리아울렛'),(89,'경기도','동탄'),(90,'경기도','라페스타'),(91,'경기도','마석'),(92,'경기도','별내'),(93,'경기도','병점'),(94,'경기도','부천'),(95,'경기도','부천역'),(96,'경기도','북수원'),(97,'경기도','산본피트인'),(98,'경기도','서수원'),(99,'경기도','성남중앙'),(100,'경기도','센트럴락'),(101,'경기도','송탄'),(102,'경기도','수원'),(103,'경기도','수지'),(104,'경기도','시화'),(105,'경기도','안산'),(106,'경기도','안산고잔'),(107,'경기도','안성'),(108,'경기도','안양'),(109,'경기도','안양일번가'),(110,'경기도','양주고읍'),(111,'경기도','오산'),(112,'경기도','용인기흥'),(113,'경기도','용인역북'),(114,'경기도','위례'),(115,'경기도','의정부민락'),(116,'경기도','인덕원'),(117,'경기도','주엽'),(118,'경기도','진접'),(119,'경기도','파주운정'),(120,'경기도','판교'),(121,'경기도','평촌'),(122,'경기도','하남미사'),(123,'경기도','향남'),(124,'강원도','남원주'),(125,'강원도','동해'),(126,'강원도','속초'),(127,'강원도','원주무실'),(128,'강원도','춘천'),(129,'충청북도','서청주'),(130,'충청북도','청주용암'),(131,'충청북도','충주'),(132,'충청남도','당진'),(133,'충청남도','서산'),(134,'충청남도','아산터미널'),(135,'충청남도','천안불당'),(136,'전라북도','군산몰'),(137,'전라북도','군산나운'),(138,'전라북도','익산모현'),(139,'전라북도','전주'),(140,'전라북도','전주평화'),(141,'경상북도','경산'),(142,'경상북도','경주'),(143,'경상북도','경주황성'),(144,'경상북도','구미공단'),(145,'경상북도','상주'),(146,'경상북도','영주'),(147,'경상북도','영천'),(148,'경상북도','포항'),(149,'경상북도','프리미엄구미센트럴'),(150,'경상북도','프리미엄안동'),(151,'경상남도','거창'),(152,'경상남도','김해부원'),(153,'경상남도','김해아울렛(장유)'),(154,'경상남도','사천'),(155,'경상남도','마산(합성동)'),(156,'경상남도','양산물금'),(157,'경상남도','진주엠비씨네'),(158,'경상남도','진주혁신(롯데몰)'),(159,'경상남도','진해'),(160,'경상남도','창원'),(161,'경상남도','통영'),(162,'경상남도','프리미엄경남대'),(163,'경상남도','프리미엄진주(중안)'),(164,'제주특별자치도','서귀포'),(165,'제주특별자치도','제주삼화지구'),(166,'제주특별자치도','제주아라');
/*!40000 ALTER TABLE `location` ENABLE KEYS */;
UNLOCK TABLES;

--
-- Table structure for table `location_movie`
--

DROP TABLE IF EXISTS `location_movie`;
/*!40101 SET @saved_cs_client     = @@character_set_client */;
/*!50503 SET character_set_client = utf8mb4 */;
CREATE TABLE `location_movie` (
  `location_movie_seq` int NOT NULL AUTO_INCREMENT,
  `location_seq` int DEFAULT NULL,
  `movie_seq` int DEFAULT NULL,
  `movie_time` timestamp NULL DEFAULT NULL,
  PRIMARY KEY (`location_movie_seq`),
  KEY `location_seq` (`location_seq`),
  KEY `movie_seq` (`movie_seq`),
  CONSTRAINT `location_movie_ibfk_1` FOREIGN KEY (`location_seq`) REFERENCES `location` (`seq`),
  CONSTRAINT `location_movie_ibfk_2` FOREIGN KEY (`movie_seq`) REFERENCES `movie` (`seq`)
) ENGINE=InnoDB AUTO_INCREMENT=2 DEFAULT CHARSET=utf8mb4 COLLATE=utf8mb4_0900_ai_ci;
/*!40101 SET character_set_client = @saved_cs_client */;

--
-- Dumping data for table `location_movie`
--

LOCK TABLES `location_movie` WRITE;
/*!40000 ALTER TABLE `location_movie` DISABLE KEYS */;
/*!40000 ALTER TABLE `location_movie` ENABLE KEYS */;
UNLOCK TABLES;

--
-- Table structure for table `movie_stillcut`
--

DROP TABLE IF EXISTS `movie_stillcut`;
/*!40101 SET @saved_cs_client     = @@character_set_client */;
/*!50503 SET character_set_client = utf8mb4 */;
CREATE TABLE `movie_stillcut` (
  `seq` int NOT NULL AUTO_INCREMENT,
  `movie_seq` int DEFAULT NULL,
  `movie_still_img` varchar(300) DEFAULT NULL,
  PRIMARY KEY (`seq`),
  KEY `movie_fk_idx` (`movie_seq`),
  CONSTRAINT `movie_fk1` FOREIGN KEY (`movie_seq`) REFERENCES `movie` (`seq`)
) ENGINE=InnoDB AUTO_INCREMENT=940 DEFAULT CHARSET=utf8mb4 COLLATE=utf8mb4_0900_ai_ci;
/*!40101 SET character_set_client = @saved_cs_client */;

--
-- Dumping data for table `movie_stillcut`
--

LOCK TABLES `movie_stillcut` WRITE;
/*!40000 ALTER TABLE `movie_stillcut` DISABLE KEYS */;
INSERT INTO `movie_stillcut` VALUES (482,1257,'https://img.cgv.co.kr/Movie/Thumbnail/StillCut/000085/85999/85999204190_727.jpg'),(483,1257,'https://img.cgv.co.kr/Movie/Thumbnail/StillCut/000085/85999/85999204189_727.jpg'),(484,1257,'https://img.cgv.co.kr/Movie/Thumbnail/StillCut/000085/85999/85999204188_727.jpg'),(485,1257,'https://img.cgv.co.kr/Movie/Thumbnail/StillCut/000085/85999/85999204187_727.jpg'),(486,1257,'https://img.cgv.co.kr/Movie/Thumbnail/StillCut/000085/85999/85999204186_727.jpg'),(487,1257,'https://img.cgv.co.kr/Movie/Thumbnail/StillCut/000085/85999/85999204185_727.jpg'),(488,1257,'https://img.cgv.co.kr/Movie/Thumbnail/StillCut/000085/85999/85999204184_727.jpg'),(489,1257,'https://img.cgv.co.kr/Movie/Thumbnail/StillCut/000085/85999/85999204183_727.jpg'),(490,1257,'https://img.cgv.co.kr/Movie/Thumbnail/StillCut/000085/85999/85999204182_727.jpg'),(491,1257,'https://img.cgv.co.kr/Movie/Thumbnail/StillCut/000085/85999/85999204181_727.jpg'),(492,1257,'https://img.cgv.co.kr/Movie/Thumbnail/StillCut/000085/85999/85999204180_727.jpg'),(493,1257,'https://img.cgv.co.kr/Movie/Thumbnail/StillCut/000085/85999/85999204178_727.jpg'),(494,1257,'https://img.cgv.co.kr/Movie/Thumbnail/StillCut/000085/85999/85999204177_727.jpg'),(495,1257,'https://img.cgv.co.kr/Movie/Thumbnail/StillCut/000085/85999/85999204176_727.jpg'),(496,1257,'https://img.cgv.co.kr/Movie/Thumbnail/StillCut/000085/85999/85999204175_727.jpg'),(497,1257,'https://img.cgv.co.kr/Movie/Thumbnail/StillCut/000085/85999/85999204173_727.jpg'),(498,1257,'https://img.cgv.co.kr/Movie/Thumbnail/StillCut/000085/85999/85999204172_727.jpg'),(499,1257,'https://img.cgv.co.kr/Movie/Thumbnail/StillCut/000085/85999/85999204171_727.jpg'),(500,1257,'https://img.cgv.co.kr/Movie/Thumbnail/StillCut/000085/85999/85999204167_727.jpg'),(501,1257,'https://img.cgv.co.kr/Movie/Thumbnail/StillCut/000085/85999/85999204166_727.jpg'),(502,1257,'https://img.cgv.co.kr/Movie/Thumbnail/StillCut/000085/85999/85999204165_727.jpg'),(503,1258,'https://img.cgv.co.kr/Movie/Thumbnail/StillCut/000082/82120/82120203854_727.jpg'),(504,1258,'https://img.cgv.co.kr/Movie/Thumbnail/StillCut/000082/82120/82120203853_727.jpg'),(505,1258,'https://img.cgv.co.kr/Movie/Thumbnail/StillCut/000082/82120/82120203852_727.jpg'),(506,1258,'https://img.cgv.co.kr/Movie/Thumbnail/StillCut/000082/82120/82120203851_727.jpg'),(507,1258,'https://img.cgv.co.kr/Movie/Thumbnail/StillCut/000082/82120/82120203850_727.jpg'),(508,1258,'https://img.cgv.co.kr/Movie/Thumbnail/StillCut/000082/82120/82120203849_727.jpg'),(509,1258,'https://img.cgv.co.kr/Movie/Thumbnail/StillCut/000082/82120/82120203848_727.jpg'),(510,1258,'https://img.cgv.co.kr/Movie/Thumbnail/StillCut/000082/82120/82120203847_727.jpg'),(511,1258,'https://img.cgv.co.kr/Movie/Thumbnail/StillCut/000082/82120/82120203846_727.jpg'),(512,1258,'https://img.cgv.co.kr/Movie/Thumbnail/StillCut/000082/82120/82120203765_727.jpg'),(513,1258,'https://img.cgv.co.kr/Movie/Thumbnail/StillCut/000082/82120/82120203764_727.jpg'),(514,1258,'https://img.cgv.co.kr/Movie/Thumbnail/StillCut/000082/82120/82120203763_727.jpg'),(515,1258,'https://img.cgv.co.kr/Movie/Thumbnail/StillCut/000082/82120/82120203762_727.jpg'),(516,1258,'https://img.cgv.co.kr/Movie/Thumbnail/StillCut/000082/82120/82120203761_727.jpg'),(517,1258,'https://img.cgv.co.kr/Movie/Thumbnail/StillCut/000082/82120/82120203556_727.jpg'),(518,1258,'https://img.cgv.co.kr/Movie/Thumbnail/StillCut/000082/82120/82120203555_727.jpg'),(519,1258,'https://img.cgv.co.kr/Movie/Thumbnail/StillCut/000082/82120/82120203554_727.jpg'),(520,1258,'https://img.cgv.co.kr/Movie/Thumbnail/StillCut/000082/82120/82120203553_727.jpg'),(521,1258,'https://img.cgv.co.kr/Movie/Thumbnail/StillCut/000082/82120/82120203552_727.jpg'),(522,1258,'https://img.cgv.co.kr/Movie/Thumbnail/StillCut/000082/82120/82120203551_727.jpg'),(523,1258,'https://img.cgv.co.kr/Movie/Thumbnail/StillCut/000082/82120/82120203550_727.jpg'),(524,1258,'https://img.cgv.co.kr/Movie/Thumbnail/StillCut/000082/82120/82120203549_727.jpg'),(525,1258,'https://img.cgv.co.kr/Movie/Thumbnail/StillCut/000082/82120/82120203548_727.jpg'),(526,1258,'https://img.cgv.co.kr/Movie/Thumbnail/StillCut/000082/82120/82120203547_727.jpg'),(527,1258,'https://img.cgv.co.kr/Movie/Thumbnail/StillCut/000082/82120/82120203546_727.jpg'),(528,1258,'https://img.cgv.co.kr/Movie/Thumbnail/StillCut/000082/82120/82120203403_727.jpg'),(529,1258,'https://img.cgv.co.kr/Movie/Thumbnail/StillCut/000082/82120/82120203402_727.jpg'),(530,1258,'https://img.cgv.co.kr/Movie/Thumbnail/StillCut/000082/82120/82120203401_727.jpg'),(531,1258,'https://img.cgv.co.kr/Movie/Thumbnail/StillCut/000082/82120/82120203400_727.jpg'),(532,1258,'https://img.cgv.co.kr/Movie/Thumbnail/StillCut/000082/82120/82120203399_727.jpg'),(533,1258,'https://img.cgv.co.kr/Movie/Thumbnail/StillCut/000082/82120/82120203398_727.jpg'),(534,1258,'https://img.cgv.co.kr/Movie/Thumbnail/StillCut/000082/82120/82120203397_727.jpg'),(535,1258,'https://img.cgv.co.kr/Movie/Thumbnail/StillCut/000082/82120/82120203396_727.jpg'),(536,1258,'https://img.cgv.co.kr/Movie/Thumbnail/StillCut/000082/82120/82120203395_727.jpg'),(537,1258,'https://img.cgv.co.kr/Movie/Thumbnail/StillCut/000082/82120/82120203394_727.jpg'),(538,1258,'https://img.cgv.co.kr/Movie/Thumbnail/StillCut/000082/82120/82120203393_727.jpg'),(539,1258,'https://img.cgv.co.kr/Movie/Thumbnail/StillCut/000082/82120/82120203249_727.jpg'),(540,1258,'https://img.cgv.co.kr/Movie/Thumbnail/StillCut/000082/82120/82120203248_727.jpg'),(541,1258,'https://img.cgv.co.kr/Movie/Thumbnail/StillCut/000082/82120/82120202950_727.jpg'),(542,1259,'https://img.cgv.co.kr/Movie/Thumbnail/StillCut/000085/85997/85997204630_727.jpg'),(543,1259,'https://img.cgv.co.kr/Movie/Thumbnail/StillCut/000085/85997/85997204629_727.jpg'),(544,1259,'https://img.cgv.co.kr/Movie/Thumbnail/StillCut/000085/85997/85997204628_727.jpg'),(545,1259,'https://img.cgv.co.kr/Movie/Thumbnail/StillCut/000085/85997/85997204627_727.jpg'),(546,1259,'https://img.cgv.co.kr/Movie/Thumbnail/StillCut/000085/85997/85997204626_727.jpg'),(547,1259,'https://img.cgv.co.kr/Movie/Thumbnail/StillCut/000085/85997/85997204625_727.jpg'),(548,1259,'https://img.cgv.co.kr/Movie/Thumbnail/StillCut/000085/85997/85997204624_727.jpg'),(549,1259,'https://img.cgv.co.kr/Movie/Thumbnail/StillCut/000085/85997/85997204623_727.jpg'),(550,1259,'https://img.cgv.co.kr/Movie/Thumbnail/StillCut/000085/85997/85997204514_727.jpg'),(551,1259,'https://img.cgv.co.kr/Movie/Thumbnail/StillCut/000085/85997/85997204513_727.jpg'),(552,1259,'https://img.cgv.co.kr/Movie/Thumbnail/StillCut/000085/85997/85997204512_727.jpg'),(553,1259,'https://img.cgv.co.kr/Movie/Thumbnail/StillCut/000085/85997/85997204511_727.jpg'),(554,1259,'https://img.cgv.co.kr/Movie/Thumbnail/StillCut/000085/85997/85997204510_727.jpg'),(555,1259,'https://img.cgv.co.kr/Movie/Thumbnail/StillCut/000085/85997/85997204509_727.jpg'),(556,1259,'https://img.cgv.co.kr/Movie/Thumbnail/StillCut/000085/85997/85997204142_727.jpg'),(557,1259,'https://img.cgv.co.kr/Movie/Thumbnail/StillCut/000085/85997/85997204141_727.jpg'),(558,1259,'https://img.cgv.co.kr/Movie/Thumbnail/StillCut/000085/85997/85997204140_727.jpg'),(559,1259,'https://img.cgv.co.kr/Movie/Thumbnail/StillCut/000085/85997/85997204139_727.jpg'),(560,1259,'https://img.cgv.co.kr/Movie/Thumbnail/StillCut/000085/85997/85997204138_727.jpg'),(561,1259,'https://img.cgv.co.kr/Movie/Thumbnail/StillCut/000085/85997/85997204137_727.jpg'),(562,1259,'https://img.cgv.co.kr/Movie/Thumbnail/StillCut/000085/85997/85997204136_727.jpg'),(563,1259,'https://img.cgv.co.kr/Movie/Thumbnail/StillCut/000085/85997/85997204135_727.jpg'),(564,1259,'https://img.cgv.co.kr/Movie/Thumbnail/StillCut/000085/85997/85997204134_727.jpg'),(565,1259,'https://img.cgv.co.kr/Movie/Thumbnail/StillCut/000085/85997/85997204133_727.jpg'),(566,1259,'https://img.cgv.co.kr/Movie/Thumbnail/StillCut/000085/85997/85997204132_727.jpg'),(567,1259,'https://img.cgv.co.kr/Movie/Thumbnail/StillCut/000085/85997/85997204131_727.jpg'),(568,1259,'https://img.cgv.co.kr/Movie/Thumbnail/StillCut/000085/85997/85997203942_727.jpg'),(569,1259,'https://img.cgv.co.kr/Movie/Thumbnail/StillCut/000085/85997/85997203941_727.jpg'),(570,1260,'https://img.cgv.co.kr/Movie/Thumbnail/StillCut/000085/85852/85852204426_727.jpg'),(571,1260,'https://img.cgv.co.kr/Movie/Thumbnail/StillCut/000085/85852/85852204425_727.jpg'),(572,1260,'https://img.cgv.co.kr/Movie/Thumbnail/StillCut/000085/85852/85852204424_727.jpg'),(573,1260,'https://img.cgv.co.kr/Movie/Thumbnail/StillCut/000085/85852/85852204423_727.jpg'),(574,1260,'https://img.cgv.co.kr/Movie/Thumbnail/StillCut/000085/85852/85852204422_727.jpg'),(575,1260,'https://img.cgv.co.kr/Movie/Thumbnail/StillCut/000085/85852/85852204421_727.jpg'),(576,1260,'https://img.cgv.co.kr/Movie/Thumbnail/StillCut/000085/85852/85852204420_727.jpg'),(577,1260,'https://img.cgv.co.kr/Movie/Thumbnail/StillCut/000085/85852/85852204414_727.jpg'),(578,1260,'https://img.cgv.co.kr/Movie/Thumbnail/StillCut/000085/85852/85852204413_727.jpg'),(579,1260,'https://img.cgv.co.kr/Movie/Thumbnail/StillCut/000085/85852/85852204412_727.jpg'),(580,1260,'https://img.cgv.co.kr/Movie/Thumbnail/StillCut/000085/85852/85852204411_727.jpg'),(581,1260,'https://img.cgv.co.kr/Movie/Thumbnail/StillCut/000085/85852/85852204410_727.jpg'),(582,1260,'https://img.cgv.co.kr/Movie/Thumbnail/StillCut/000085/85852/85852204409_727.jpg'),(583,1260,'https://img.cgv.co.kr/Movie/Thumbnail/StillCut/000085/85852/85852204408_727.jpg'),(584,1260,'https://img.cgv.co.kr/Movie/Thumbnail/StillCut/000085/85852/85852204407_727.jpg'),(585,1260,'https://img.cgv.co.kr/Movie/Thumbnail/StillCut/000085/85852/85852204405_727.jpg'),(586,1260,'https://img.cgv.co.kr/Movie/Thumbnail/StillCut/000085/85852/85852204052_727.jpg'),(587,1260,'https://img.cgv.co.kr/Movie/Thumbnail/StillCut/000085/85852/85852204051_727.jpg'),(588,1260,'https://img.cgv.co.kr/Movie/Thumbnail/StillCut/000085/85852/85852204050_727.jpg'),(589,1260,'https://img.cgv.co.kr/Movie/Thumbnail/StillCut/000085/85852/85852204049_727.jpg'),(590,1260,'https://img.cgv.co.kr/Movie/Thumbnail/StillCut/000085/85852/85852204048_727.jpg'),(591,1260,'https://img.cgv.co.kr/Movie/Thumbnail/StillCut/000085/85852/85852204046_727.jpg'),(592,1260,'https://img.cgv.co.kr/Movie/Thumbnail/StillCut/000085/85852/85852203936_727.jpg'),(593,1260,'https://img.cgv.co.kr/Movie/Thumbnail/StillCut/000085/85852/85852203935_727.jpg'),(594,1260,'https://img.cgv.co.kr/Movie/Thumbnail/StillCut/000085/85852/85852203933_727.jpg'),(595,1260,'https://img.cgv.co.kr/Movie/Thumbnail/StillCut/000085/85852/85852203932_727.jpg'),(596,1260,'https://img.cgv.co.kr/Movie/Thumbnail/StillCut/000085/85852/85852203930_727.jpg'),(597,1260,'https://img.cgv.co.kr/Movie/Thumbnail/StillCut/000085/85852/85852203929_727.jpg'),(598,1260,'https://img.cgv.co.kr/Movie/Thumbnail/StillCut/000085/85852/85852203829_727.jpg'),(599,1260,'https://img.cgv.co.kr/Movie/Thumbnail/StillCut/000085/85852/85852203828_727.jpg'),(600,1260,'https://img.cgv.co.kr/Movie/Thumbnail/StillCut/000085/85852/85852203827_727.jpg'),(601,1260,'https://img.cgv.co.kr/Movie/Thumbnail/StillCut/000085/85852/85852203826_727.jpg'),(602,1260,'https://img.cgv.co.kr/Movie/Thumbnail/StillCut/000085/85852/85852203825_727.jpg'),(603,1260,'https://img.cgv.co.kr/Movie/Thumbnail/StillCut/000085/85852/85852203824_727.jpg'),(604,1260,'https://img.cgv.co.kr/Movie/Thumbnail/StillCut/000085/85852/85852203823_727.jpg'),(605,1260,'https://img.cgv.co.kr/Movie/Thumbnail/StillCut/000085/85852/85852203822_727.jpg'),(606,1260,'https://img.cgv.co.kr/Movie/Thumbnail/StillCut/000085/85852/85852203821_727.jpg'),(607,1260,'https://img.cgv.co.kr/Movie/Thumbnail/StillCut/000085/85852/85852203575_727.jpg'),(608,1260,'https://img.cgv.co.kr/Movie/Thumbnail/StillCut/000085/85852/85852203405_727.jpg'),(609,1260,'https://img.cgv.co.kr/Movie/Thumbnail/StillCut/000085/85852/85852203404_727.jpg'),(610,1260,'https://img.cgv.co.kr/Movie/Thumbnail/StillCut/000085/85852/85852202650_727.jpg'),(611,1260,'https://img.cgv.co.kr/Movie/Thumbnail/StillCut/000085/85852/85852202649_727.jpg'),(612,1261,'https://img.cgv.co.kr/Movie/Thumbnail/StillCut/000086/86008/86008204114_727.jpg'),(613,1261,'https://img.cgv.co.kr/Movie/Thumbnail/StillCut/000086/86008/86008204113_727.jpg'),(614,1261,'https://img.cgv.co.kr/Movie/Thumbnail/StillCut/000086/86008/86008204112_727.jpg'),(615,1261,'https://img.cgv.co.kr/Movie/Thumbnail/StillCut/000086/86008/86008204111_727.jpg'),(616,1261,'https://img.cgv.co.kr/Movie/Thumbnail/StillCut/000086/86008/86008204110_727.jpg'),(617,1261,'https://img.cgv.co.kr/Movie/Thumbnail/StillCut/000086/86008/86008204109_727.jpg'),(618,1261,'https://img.cgv.co.kr/Movie/Thumbnail/StillCut/000086/86008/86008204108_727.jpg'),(619,1261,'https://img.cgv.co.kr/Movie/Thumbnail/StillCut/000086/86008/86008204107_727.jpg'),(620,1261,'https://img.cgv.co.kr/Movie/Thumbnail/StillCut/000086/86008/86008204106_727.jpg'),(621,1261,'https://img.cgv.co.kr/Movie/Thumbnail/StillCut/000086/86008/86008204105_727.jpg'),(622,1261,'https://img.cgv.co.kr/Movie/Thumbnail/StillCut/000086/86008/86008204104_727.jpg'),(623,1261,'https://img.cgv.co.kr/Movie/Thumbnail/StillCut/000086/86008/86008204103_727.jpg'),(624,1261,'https://img.cgv.co.kr/Movie/Thumbnail/StillCut/000086/86008/86008204102_727.jpg'),(625,1261,'https://img.cgv.co.kr/Movie/Thumbnail/StillCut/000086/86008/86008204101_727.jpg'),(626,1261,'https://img.cgv.co.kr/Movie/Thumbnail/StillCut/000086/86008/86008204100_727.jpg'),(627,1261,'https://img.cgv.co.kr/Movie/Thumbnail/StillCut/000086/86008/86008204071_727.jpg'),(628,1261,'https://img.cgv.co.kr/Movie/Thumbnail/StillCut/000086/86008/86008204070_727.jpg'),(629,1262,'https://img.cgv.co.kr/Movie/Thumbnail/StillCut/000085/85991/85991204092_727.jpg'),(630,1262,'https://img.cgv.co.kr/Movie/Thumbnail/StillCut/000085/85991/85991203983_727.jpg'),(631,1262,'https://img.cgv.co.kr/Movie/Thumbnail/StillCut/000085/85991/85991203982_727.jpg'),(632,1262,'https://img.cgv.co.kr/Movie/Thumbnail/StillCut/000085/85991/85991203981_727.jpg'),(633,1262,'https://img.cgv.co.kr/Movie/Thumbnail/StillCut/000085/85991/85991203980_727.jpg'),(634,1262,'https://img.cgv.co.kr/Movie/Thumbnail/StillCut/000085/85991/85991203979_727.jpg'),(635,1262,'https://img.cgv.co.kr/Movie/Thumbnail/StillCut/000085/85991/85991203978_727.jpg'),(636,1262,'https://img.cgv.co.kr/Movie/Thumbnail/StillCut/000085/85991/85991203977_727.jpg'),(637,1262,'https://img.cgv.co.kr/Movie/Thumbnail/StillCut/000085/85991/85991203976_727.jpg'),(638,1262,'https://img.cgv.co.kr/Movie/Thumbnail/StillCut/000085/85991/85991203975_727.jpg'),(639,1262,'https://img.cgv.co.kr/Movie/Thumbnail/StillCut/000085/85991/85991203874_727.jpg'),(640,1262,'https://img.cgv.co.kr/Movie/Thumbnail/StillCut/000085/85991/85991203771_727.jpg'),(641,1263,'https://img.cgv.co.kr/Movie/Thumbnail/StillCut/000083/83127/83127204341_727.jpg'),(642,1263,'https://img.cgv.co.kr/Movie/Thumbnail/StillCut/000083/83127/83127204262_727.jpg'),(643,1263,'https://img.cgv.co.kr/Movie/Thumbnail/StillCut/000083/83127/83127204261_727.jpg'),(644,1263,'https://img.cgv.co.kr/Movie/Thumbnail/StillCut/000083/83127/83127204260_727.jpg'),(645,1263,'https://img.cgv.co.kr/Movie/Thumbnail/StillCut/000083/83127/83127204259_727.jpg'),(646,1263,'https://img.cgv.co.kr/Movie/Thumbnail/StillCut/000083/83127/83127204258_727.jpg'),(647,1263,'https://img.cgv.co.kr/Movie/Thumbnail/StillCut/000083/83127/83127204257_727.jpg'),(648,1263,'https://img.cgv.co.kr/Movie/Thumbnail/StillCut/000083/83127/83127204256_727.jpg'),(649,1263,'https://img.cgv.co.kr/Movie/Thumbnail/StillCut/000083/83127/83127204255_727.jpg'),(650,1263,'https://img.cgv.co.kr/Movie/Thumbnail/StillCut/000083/83127/83127204227_727.jpg'),(651,1263,'https://img.cgv.co.kr/Movie/Thumbnail/StillCut/000083/83127/83127204226_727.jpg'),(652,1263,'https://img.cgv.co.kr/Movie/Thumbnail/StillCut/000083/83127/83127204225_727.jpg'),(653,1263,'https://img.cgv.co.kr/Movie/Thumbnail/StillCut/000083/83127/83127204224_727.jpg'),(654,1263,'https://img.cgv.co.kr/Movie/Thumbnail/StillCut/000083/83127/83127204223_727.jpg'),(655,1263,'https://img.cgv.co.kr/Movie/Thumbnail/StillCut/000083/83127/83127204222_727.jpg'),(656,1263,'https://img.cgv.co.kr/Movie/Thumbnail/StillCut/000083/83127/83127204127_727.jpg'),(657,1263,'https://img.cgv.co.kr/Movie/Thumbnail/StillCut/000083/83127/83127204016_727.jpg'),(658,1263,'https://img.cgv.co.kr/Movie/Thumbnail/StillCut/000083/83127/83127177141_727.jpg'),(659,1264,'https://img.cgv.co.kr/Movie/Thumbnail/StillCut/000085/85989/85989204475_727.jpg'),(660,1264,'https://img.cgv.co.kr/Movie/Thumbnail/StillCut/000085/85989/85989204474_727.jpg'),(661,1264,'https://img.cgv.co.kr/Movie/Thumbnail/StillCut/000085/85989/85989204473_727.jpg'),(662,1264,'https://img.cgv.co.kr/Movie/Thumbnail/StillCut/000085/85989/85989204472_727.jpg'),(663,1264,'https://img.cgv.co.kr/Movie/Thumbnail/StillCut/000085/85989/85989204129_727.jpg'),(664,1264,'https://img.cgv.co.kr/Movie/Thumbnail/StillCut/000085/85989/85989203888_727.jpg'),(665,1264,'https://img.cgv.co.kr/Movie/Thumbnail/StillCut/000085/85989/85989203749_727.jpg'),(666,1264,'https://img.cgv.co.kr/Movie/Thumbnail/StillCut/000085/85989/85989203748_727.jpg'),(667,1264,'https://img.cgv.co.kr/Movie/Thumbnail/StillCut/000085/85989/85989203747_727.jpg'),(668,1264,'https://img.cgv.co.kr/Movie/Thumbnail/StillCut/000085/85989/85989203746_727.jpg'),(669,1264,'https://img.cgv.co.kr/Movie/Thumbnail/StillCut/000085/85989/85989203745_727.jpg'),(670,1264,'https://img.cgv.co.kr/Movie/Thumbnail/StillCut/000085/85989/85989203744_727.jpg'),(671,1264,'https://img.cgv.co.kr/Movie/Thumbnail/StillCut/000085/85989/85989203743_727.jpg'),(672,1264,'https://img.cgv.co.kr/Movie/Thumbnail/StillCut/000085/85989/85989203742_727.jpg'),(673,1264,'https://img.cgv.co.kr/Movie/Thumbnail/StillCut/000085/85989/85989203741_727.jpg'),(674,1264,'https://img.cgv.co.kr/Movie/Thumbnail/StillCut/000085/85989/85989203740_727.jpg'),(675,1265,'https://img.cgv.co.kr/Movie/Thumbnail/StillCut/000086/86017/86017204385_727.jpg'),(676,1265,'https://img.cgv.co.kr/Movie/Thumbnail/StillCut/000086/86017/86017204384_727.jpg'),(677,1265,'https://img.cgv.co.kr/Movie/Thumbnail/StillCut/000086/86017/86017204383_727.jpg'),(678,1265,'https://img.cgv.co.kr/Movie/Thumbnail/StillCut/000086/86017/86017204382_727.jpg'),(679,1265,'https://img.cgv.co.kr/Movie/Thumbnail/StillCut/000086/86017/86017204381_727.jpg'),(680,1265,'https://img.cgv.co.kr/Movie/Thumbnail/StillCut/000086/86017/86017204380_727.jpg'),(681,1265,'https://img.cgv.co.kr/Movie/Thumbnail/StillCut/000086/86017/86017204379_727.jpg'),(682,1265,'https://img.cgv.co.kr/Movie/Thumbnail/StillCut/000086/86017/86017204378_727.jpg'),(683,1265,'https://img.cgv.co.kr/Movie/Thumbnail/StillCut/000086/86017/86017204377_727.jpg'),(684,1265,'https://img.cgv.co.kr/Movie/Thumbnail/StillCut/000086/86017/86017204376_727.jpg'),(685,1265,'https://img.cgv.co.kr/Movie/Thumbnail/StillCut/000086/86017/86017204375_727.jpg'),(686,1265,'https://img.cgv.co.kr/Movie/Thumbnail/StillCut/000086/86017/86017204163_727.jpg'),(687,1265,'https://img.cgv.co.kr/Movie/Thumbnail/StillCut/000086/86017/86017204162_727.jpg'),(688,1265,'https://img.cgv.co.kr/Movie/Thumbnail/StillCut/000086/86017/86017204161_727.jpg'),(689,1265,'https://img.cgv.co.kr/Movie/Thumbnail/StillCut/000086/86017/86017204160_727.jpg'),(690,1265,'https://img.cgv.co.kr/Movie/Thumbnail/StillCut/000086/86017/86017204159_727.jpg'),(691,1265,'https://img.cgv.co.kr/Movie/Thumbnail/StillCut/000086/86017/86017204158_727.jpg'),(692,1265,'https://img.cgv.co.kr/Movie/Thumbnail/StillCut/000086/86017/86017204157_727.jpg'),(693,1265,'https://img.cgv.co.kr/Movie/Thumbnail/StillCut/000086/86017/86017204156_727.jpg'),(694,1265,'https://img.cgv.co.kr/Movie/Thumbnail/StillCut/000086/86017/86017204155_727.jpg'),(695,1265,'https://img.cgv.co.kr/Movie/Thumbnail/StillCut/000086/86017/86017204154_727.jpg'),(696,1266,'https://img.cgv.co.kr/Movie/Thumbnail/StillCut/000085/85950/85950204346_727.jpg'),(697,1266,'https://img.cgv.co.kr/Movie/Thumbnail/StillCut/000085/85950/85950204345_727.jpg'),(698,1266,'https://img.cgv.co.kr/Movie/Thumbnail/StillCut/000085/85950/85950204344_727.jpg'),(699,1266,'https://img.cgv.co.kr/Movie/Thumbnail/StillCut/000085/85950/85950204343_727.jpg'),(700,1266,'https://img.cgv.co.kr/Movie/Thumbnail/StillCut/000085/85950/85950204219_727.jpg'),(701,1266,'https://img.cgv.co.kr/Movie/Thumbnail/StillCut/000085/85950/85950204218_727.jpeg'),(702,1266,'https://img.cgv.co.kr/Movie/Thumbnail/StillCut/000085/85950/85950204216_727.jpeg'),(703,1266,'https://img.cgv.co.kr/Movie/Thumbnail/StillCut/000085/85950/85950204215_727.jpeg'),(704,1266,'https://img.cgv.co.kr/Movie/Thumbnail/StillCut/000085/85950/85950204213_727.jpeg'),(705,1266,'https://img.cgv.co.kr/Movie/Thumbnail/StillCut/000085/85950/85950204212_727.jpeg'),(706,1266,'https://img.cgv.co.kr/Movie/Thumbnail/StillCut/000085/85950/85950204211_727.jpeg'),(707,1266,'https://img.cgv.co.kr/Movie/Thumbnail/StillCut/000085/85950/85950204210_727.jpeg'),(708,1266,'https://img.cgv.co.kr/Movie/Thumbnail/StillCut/000085/85950/85950204209_727.jpeg'),(709,1266,'https://img.cgv.co.kr/Movie/Thumbnail/StillCut/000085/85950/85950203459_727.jpg'),(710,1266,'https://img.cgv.co.kr/Movie/Thumbnail/StillCut/000085/85950/85950203458_727.jpg'),(711,1266,'https://img.cgv.co.kr/Movie/Thumbnail/StillCut/000085/85950/85950203457_727.jpg'),(712,1267,'https://img.cgv.co.kr/Movie/Thumbnail/StillCut/000085/85857/85857204032_727.jpg'),(713,1267,'https://img.cgv.co.kr/Movie/Thumbnail/StillCut/000085/85857/85857203667_727.jpg'),(714,1268,'https://img.cgv.co.kr/Movie/Thumbnail/StillCut/000085/85813/85813203323_727.jpg'),(715,1268,'https://img.cgv.co.kr/Movie/Thumbnail/StillCut/000085/85813/85813203276_727.jpg'),(716,1268,'https://img.cgv.co.kr/Movie/Thumbnail/StillCut/000085/85813/85813203095_727.jpg'),(717,1268,'https://img.cgv.co.kr/Movie/Thumbnail/StillCut/000085/85813/85813202808_727.jpg'),(718,1268,'https://img.cgv.co.kr/Movie/Thumbnail/StillCut/000085/85813/85813202807_727.jpg'),(719,1268,'https://img.cgv.co.kr/Movie/Thumbnail/StillCut/000085/85813/85813202806_727.jpg'),(720,1268,'https://img.cgv.co.kr/Movie/Thumbnail/StillCut/000085/85813/85813202805_727.jpg'),(721,1268,'https://img.cgv.co.kr/Movie/Thumbnail/StillCut/000085/85813/85813202804_727.jpg'),(722,1268,'https://img.cgv.co.kr/Movie/Thumbnail/StillCut/000085/85813/85813202803_727.jpg'),(723,1268,'https://img.cgv.co.kr/Movie/Thumbnail/StillCut/000085/85813/85813202802_727.jpg'),(724,1268,'https://img.cgv.co.kr/Movie/Thumbnail/StillCut/000085/85813/85813202801_727.jpg'),(725,1268,'https://img.cgv.co.kr/Movie/Thumbnail/StillCut/000085/85813/85813202800_727.jpg'),(726,1268,'https://img.cgv.co.kr/Movie/Thumbnail/StillCut/000085/85813/85813202799_727.jpg'),(727,1268,'https://img.cgv.co.kr/Movie/Thumbnail/StillCut/000085/85813/85813202798_727.jpg'),(728,1268,'https://img.cgv.co.kr/Movie/Thumbnail/StillCut/000085/85813/85813202797_727.jpg'),(729,1268,'https://img.cgv.co.kr/Movie/Thumbnail/StillCut/000085/85813/85813202684_727.jpg'),(730,1268,'https://img.cgv.co.kr/Movie/Thumbnail/StillCut/000085/85813/85813202683_727.jpg'),(731,1268,'https://img.cgv.co.kr/Movie/Thumbnail/StillCut/000085/85813/85813202682_727.jpg'),(732,1268,'https://img.cgv.co.kr/Movie/Thumbnail/StillCut/000085/85813/85813202681_727.jpg'),(733,1268,'https://img.cgv.co.kr/Movie/Thumbnail/StillCut/000085/85813/85813202680_727.jpg'),(734,1268,'https://img.cgv.co.kr/Movie/Thumbnail/StillCut/000085/85813/85813202679_727.jpg'),(735,1268,'https://img.cgv.co.kr/Movie/Thumbnail/StillCut/000085/85813/85813202678_727.jpg'),(736,1268,'https://img.cgv.co.kr/Movie/Thumbnail/StillCut/000085/85813/85813202677_727.jpg'),(737,1268,'https://img.cgv.co.kr/Movie/Thumbnail/StillCut/000085/85813/85813202676_727.jpg'),(738,1268,'https://img.cgv.co.kr/Movie/Thumbnail/StillCut/000085/85813/85813202675_727.jpg'),(739,1268,'https://img.cgv.co.kr/Movie/Thumbnail/StillCut/000085/85813/85813202674_727.jpg'),(740,1268,'https://img.cgv.co.kr/Movie/Thumbnail/StillCut/000085/85813/85813202673_727.jpg'),(741,1268,'https://img.cgv.co.kr/Movie/Thumbnail/StillCut/000085/85813/85813202671_727.jpg'),(742,1268,'https://img.cgv.co.kr/Movie/Thumbnail/StillCut/000085/85813/85813202509_727.jpg'),(743,1268,'https://img.cgv.co.kr/Movie/Thumbnail/StillCut/000085/85813/85813202440_727.jpg'),(744,1268,'https://img.cgv.co.kr/Movie/Thumbnail/StillCut/000085/85813/85813202439_727.jpg'),(745,1268,'https://img.cgv.co.kr/Movie/Thumbnail/StillCut/000085/85813/85813202438_727.jpg'),(746,1268,'https://img.cgv.co.kr/Movie/Thumbnail/StillCut/000085/85813/85813202437_727.jpg'),(747,1268,'https://img.cgv.co.kr/Movie/Thumbnail/StillCut/000085/85813/85813202436_727.jpg'),(748,1268,'https://img.cgv.co.kr/Movie/Thumbnail/StillCut/000085/85813/85813202435_727.jpg'),(749,1268,'https://img.cgv.co.kr/Movie/Thumbnail/StillCut/000085/85813/85813202434_727.jpg'),(750,1268,'https://img.cgv.co.kr/Movie/Thumbnail/StillCut/000085/85813/85813202433_727.jpg'),(751,1268,'https://img.cgv.co.kr/Movie/Thumbnail/StillCut/000085/85813/85813202072_727.jpg'),(752,1268,'https://img.cgv.co.kr/Movie/Thumbnail/StillCut/000085/85813/85813202071_727.jpg'),(753,1269,'https://img.cgv.co.kr/Movie/Thumbnail/StillCut/000085/85988/85988204508_727.jpg'),(754,1269,'https://img.cgv.co.kr/Movie/Thumbnail/StillCut/000085/85988/85988204507_727.jpg'),(755,1269,'https://img.cgv.co.kr/Movie/Thumbnail/StillCut/000085/85988/85988204506_727.jpg'),(756,1269,'https://img.cgv.co.kr/Movie/Thumbnail/StillCut/000085/85988/85988204041_727.jpg'),(757,1269,'https://img.cgv.co.kr/Movie/Thumbnail/StillCut/000085/85988/85988203865_727.jpg'),(758,1269,'https://img.cgv.co.kr/Movie/Thumbnail/StillCut/000085/85988/85988203864_727.jpg'),(759,1269,'https://img.cgv.co.kr/Movie/Thumbnail/StillCut/000085/85988/85988203863_727.jpg'),(760,1269,'https://img.cgv.co.kr/Movie/Thumbnail/StillCut/000085/85988/85988203862_727.jpg'),(761,1269,'https://img.cgv.co.kr/Movie/Thumbnail/StillCut/000085/85988/85988203861_727.jpg'),(762,1269,'https://img.cgv.co.kr/Movie/Thumbnail/StillCut/000085/85988/85988203860_727.jpg'),(763,1269,'https://img.cgv.co.kr/Movie/Thumbnail/StillCut/000085/85988/85988203859_727.jpg'),(764,1269,'https://img.cgv.co.kr/Movie/Thumbnail/StillCut/000085/85988/85988203858_727.jpg'),(765,1269,'https://img.cgv.co.kr/Movie/Thumbnail/StillCut/000085/85988/85988203857_727.jpg'),(766,1269,'https://img.cgv.co.kr/Movie/Thumbnail/StillCut/000085/85988/85988203739_727.jpg'),(767,1270,'https://img.cgv.co.kr/Movie/Thumbnail/StillCut/000085/85871/85871204587_727.jpg'),(768,1270,'https://img.cgv.co.kr/Movie/Thumbnail/StillCut/000085/85871/85871204584_727.jpg'),(769,1270,'https://img.cgv.co.kr/Movie/Thumbnail/StillCut/000085/85871/85871204583_727.jpg'),(770,1270,'https://img.cgv.co.kr/Movie/Thumbnail/StillCut/000085/85871/85871204582_727.jpg'),(771,1270,'https://img.cgv.co.kr/Movie/Thumbnail/StillCut/000085/85871/85871204581_727.jpg'),(772,1270,'https://img.cgv.co.kr/Movie/Thumbnail/StillCut/000085/85871/85871204580_727.jpg'),(773,1270,'https://img.cgv.co.kr/Movie/Thumbnail/StillCut/000085/85871/85871204579_727.jpg'),(774,1270,'https://img.cgv.co.kr/Movie/Thumbnail/StillCut/000085/85871/85871204578_727.jpg'),(775,1270,'https://img.cgv.co.kr/Movie/Thumbnail/StillCut/000085/85871/85871204577_727.jpg'),(776,1270,'https://img.cgv.co.kr/Movie/Thumbnail/StillCut/000085/85871/85871204576_727.jpg'),(777,1270,'https://img.cgv.co.kr/Movie/Thumbnail/StillCut/000085/85871/85871204574_727.jpg'),(778,1270,'https://img.cgv.co.kr/Movie/Thumbnail/StillCut/000085/85871/85871204572_727.jpg'),(779,1270,'https://img.cgv.co.kr/Movie/Thumbnail/StillCut/000085/85871/85871204471_727.jpg'),(780,1270,'https://img.cgv.co.kr/Movie/Thumbnail/StillCut/000085/85871/85871204470_727.jpg'),(781,1270,'https://img.cgv.co.kr/Movie/Thumbnail/StillCut/000085/85871/85871204469_727.jpg'),(782,1270,'https://img.cgv.co.kr/Movie/Thumbnail/StillCut/000085/85871/85871204468_727.jpg'),(783,1270,'https://img.cgv.co.kr/Movie/Thumbnail/StillCut/000085/85871/85871204467_727.jpg'),(784,1270,'https://img.cgv.co.kr/Movie/Thumbnail/StillCut/000085/85871/85871204466_727.jpg'),(785,1270,'https://img.cgv.co.kr/Movie/Thumbnail/StillCut/000085/85871/85871204465_727.jpg'),(786,1270,'https://img.cgv.co.kr/Movie/Thumbnail/StillCut/000085/85871/85871204464_727.jpg'),(787,1270,'https://img.cgv.co.kr/Movie/Thumbnail/StillCut/000085/85871/85871204463_727.jpg'),(788,1270,'https://img.cgv.co.kr/Movie/Thumbnail/StillCut/000085/85871/85871204462_727.jpg'),(789,1270,'https://img.cgv.co.kr/Movie/Thumbnail/StillCut/000085/85871/85871204401_727.jpg'),(790,1270,'https://img.cgv.co.kr/Movie/Thumbnail/StillCut/000085/85871/85871204400_727.jpg'),(791,1270,'https://img.cgv.co.kr/Movie/Thumbnail/StillCut/000085/85871/85871204399_727.jpg'),(792,1270,'https://img.cgv.co.kr/Movie/Thumbnail/StillCut/000085/85871/85871204397_727.jpg'),(793,1270,'https://img.cgv.co.kr/Movie/Thumbnail/StillCut/000085/85871/85871204396_727.jpg'),(794,1270,'https://img.cgv.co.kr/Movie/Thumbnail/StillCut/000085/85871/85871204395_727.jpg'),(795,1270,'https://img.cgv.co.kr/Movie/Thumbnail/StillCut/000085/85871/85871204394_727.jpg'),(796,1270,'https://img.cgv.co.kr/Movie/Thumbnail/StillCut/000085/85871/85871204393_727.jpg'),(797,1270,'https://img.cgv.co.kr/Movie/Thumbnail/StillCut/000085/85871/85871204326_727.jpg'),(798,1270,'https://img.cgv.co.kr/Movie/Thumbnail/StillCut/000085/85871/85871204325_727.jpg'),(799,1270,'https://img.cgv.co.kr/Movie/Thumbnail/StillCut/000085/85871/85871204324_727.jpg'),(800,1270,'https://img.cgv.co.kr/Movie/Thumbnail/StillCut/000085/85871/85871204323_727.jpg'),(801,1270,'https://img.cgv.co.kr/Movie/Thumbnail/StillCut/000085/85871/85871204322_727.jpg'),(802,1270,'https://img.cgv.co.kr/Movie/Thumbnail/StillCut/000085/85871/85871204321_727.jpg'),(803,1270,'https://img.cgv.co.kr/Movie/Thumbnail/StillCut/000085/85871/85871204320_727.jpg'),(804,1270,'https://img.cgv.co.kr/Movie/Thumbnail/StillCut/000085/85871/85871204319_727.jpg'),(805,1270,'https://img.cgv.co.kr/Movie/Thumbnail/StillCut/000085/85871/85871204318_727.jpg'),(806,1270,'https://img.cgv.co.kr/Movie/Thumbnail/StillCut/000085/85871/85871204317_727.jpg'),(807,1270,'https://img.cgv.co.kr/Movie/Thumbnail/StillCut/000085/85871/85871204204_727.jpg'),(808,1270,'https://img.cgv.co.kr/Movie/Thumbnail/StillCut/000085/85871/85871204203_727.jpg'),(809,1270,'https://img.cgv.co.kr/Movie/Thumbnail/StillCut/000085/85871/85871204202_727.jpg'),(810,1270,'https://img.cgv.co.kr/Movie/Thumbnail/StillCut/000085/85871/85871204201_727.jpg'),(811,1270,'https://img.cgv.co.kr/Movie/Thumbnail/StillCut/000085/85871/85871204200_727.jpg'),(812,1270,'https://img.cgv.co.kr/Movie/Thumbnail/StillCut/000085/85871/85871204199_727.jpg'),(813,1270,'https://img.cgv.co.kr/Movie/Thumbnail/StillCut/000085/85871/85871204198_727.jpg'),(814,1270,'https://img.cgv.co.kr/Movie/Thumbnail/StillCut/000085/85871/85871204086_727.jpg'),(815,1270,'https://img.cgv.co.kr/Movie/Thumbnail/StillCut/000085/85871/85871203585_727.jpg'),(816,1270,'https://img.cgv.co.kr/Movie/Thumbnail/StillCut/000085/85871/85871203584_727.jpg'),(817,1270,'https://img.cgv.co.kr/Movie/Thumbnail/StillCut/000085/85871/85871203583_727.jpg'),(818,1270,'https://img.cgv.co.kr/Movie/Thumbnail/StillCut/000085/85871/85871203582_727.jpg'),(819,1270,'https://img.cgv.co.kr/Movie/Thumbnail/StillCut/000085/85871/85871203581_727.jpg'),(820,1270,'https://img.cgv.co.kr/Movie/Thumbnail/StillCut/000085/85871/85871203580_727.jpg'),(821,1270,'https://img.cgv.co.kr/Movie/Thumbnail/StillCut/000085/85871/85871203545_727.jpg'),(822,1270,'https://img.cgv.co.kr/Movie/Thumbnail/StillCut/000085/85871/85871203544_727.jpg'),(823,1270,'https://img.cgv.co.kr/Movie/Thumbnail/StillCut/000085/85871/85871203543_727.jpg'),(824,1270,'https://img.cgv.co.kr/Movie/Thumbnail/StillCut/000085/85871/85871203542_727.jpg'),(825,1270,'https://img.cgv.co.kr/Movie/Thumbnail/StillCut/000085/85871/85871203541_727.jpg'),(826,1270,'https://img.cgv.co.kr/Movie/Thumbnail/StillCut/000085/85871/85871203540_727.jpg'),(827,1270,'https://img.cgv.co.kr/Movie/Thumbnail/StillCut/000085/85871/85871203539_727.jpg'),(828,1270,'https://img.cgv.co.kr/Movie/Thumbnail/StillCut/000085/85871/85871203538_727.jpg'),(829,1270,'https://img.cgv.co.kr/Movie/Thumbnail/StillCut/000085/85871/85871203537_727.jpg'),(830,1270,'https://img.cgv.co.kr/Movie/Thumbnail/StillCut/000085/85871/85871203536_727.jpg'),(831,1270,'https://img.cgv.co.kr/Movie/Thumbnail/StillCut/000085/85871/85871203535_727.jpg'),(832,1270,'https://img.cgv.co.kr/Movie/Thumbnail/StillCut/000085/85871/85871203534_727.jpg'),(833,1270,'https://img.cgv.co.kr/Movie/Thumbnail/StillCut/000085/85871/85871203533_727.jpg'),(834,1270,'https://img.cgv.co.kr/Movie/Thumbnail/StillCut/000085/85871/85871203532_727.jpg'),(835,1270,'https://img.cgv.co.kr/Movie/Thumbnail/StillCut/000085/85871/85871203531_727.jpg'),(836,1270,'https://img.cgv.co.kr/Movie/Thumbnail/StillCut/000085/85871/85871203379_727.jpg'),(837,1270,'https://img.cgv.co.kr/Movie/Thumbnail/StillCut/000085/85871/85871203378_727.jpg'),(838,1270,'https://img.cgv.co.kr/Movie/Thumbnail/StillCut/000085/85871/85871203377_727.jpg'),(839,1270,'https://img.cgv.co.kr/Movie/Thumbnail/StillCut/000085/85871/85871203376_727.jpg'),(840,1270,'https://img.cgv.co.kr/Movie/Thumbnail/StillCut/000085/85871/85871203375_727.jpg'),(841,1270,'https://img.cgv.co.kr/Movie/Thumbnail/StillCut/000085/85871/85871203285_727.jpg'),(842,1270,'https://img.cgv.co.kr/Movie/Thumbnail/StillCut/000085/85871/85871203284_727.jpg'),(843,1270,'https://img.cgv.co.kr/Movie/Thumbnail/StillCut/000085/85871/85871203283_727.jpg'),(844,1270,'https://img.cgv.co.kr/Movie/Thumbnail/StillCut/000085/85871/85871203282_727.jpg'),(845,1270,'https://img.cgv.co.kr/Movie/Thumbnail/StillCut/000085/85871/85871203274_727.jpg'),(846,1270,'https://img.cgv.co.kr/Movie/Thumbnail/StillCut/000085/85871/85871203273_727.jpg'),(847,1270,'https://img.cgv.co.kr/Movie/Thumbnail/StillCut/000085/85871/85871203237_727.jpg'),(848,1270,'https://img.cgv.co.kr/Movie/Thumbnail/StillCut/000085/85871/85871203236_727.jpg'),(849,1270,'https://img.cgv.co.kr/Movie/Thumbnail/StillCut/000085/85871/85871202907_727.jpg'),(850,1272,'https://img.cgv.co.kr/Movie/Thumbnail/StillCut/000086/86005/86005204458_727.jpg'),(851,1273,'https://img.cgv.co.kr/Movie/Thumbnail/StillCut/000082/82616/82616172986_727.jpg'),(852,1274,'https://img.cgv.co.kr/Movie/Thumbnail/StillCut/000085/85238/85238203917_727.jpg'),(853,1274,'https://img.cgv.co.kr/Movie/Thumbnail/StillCut/000085/85238/85238203916_727.jpg'),(854,1274,'https://img.cgv.co.kr/Movie/Thumbnail/StillCut/000085/85238/85238203915_727.jpg'),(855,1274,'https://img.cgv.co.kr/Movie/Thumbnail/StillCut/000085/85238/85238203914_727.jpg'),(856,1274,'https://img.cgv.co.kr/Movie/Thumbnail/StillCut/000085/85238/85238203913_727.jpg'),(857,1274,'https://img.cgv.co.kr/Movie/Thumbnail/StillCut/000085/85238/85238203912_727.jpg'),(858,1274,'https://img.cgv.co.kr/Movie/Thumbnail/StillCut/000085/85238/85238203911_727.jpg'),(859,1274,'https://img.cgv.co.kr/Movie/Thumbnail/StillCut/000085/85238/85238203767_727.jpg'),(860,1274,'https://img.cgv.co.kr/Movie/Thumbnail/StillCut/000085/85238/85238197995_727.jpg'),(861,1274,'https://img.cgv.co.kr/Movie/Thumbnail/StillCut/000085/85238/85238197994_727.jpg'),(862,1274,'https://img.cgv.co.kr/Movie/Thumbnail/StillCut/000085/85238/85238197993_727.jpg'),(863,1274,'https://img.cgv.co.kr/Movie/Thumbnail/StillCut/000085/85238/85238197992_727.jpg'),(864,1274,'https://img.cgv.co.kr/Movie/Thumbnail/StillCut/000085/85238/85238196598_727.jpg'),(865,1274,'https://img.cgv.co.kr/Movie/Thumbnail/StillCut/000085/85238/85238196597_727.jpg'),(866,1274,'https://img.cgv.co.kr/Movie/Thumbnail/StillCut/000085/85238/85238196596_727.jpg'),(867,1274,'https://img.cgv.co.kr/Movie/Thumbnail/StillCut/000085/85238/85238196595_727.jpg'),(868,1274,'https://img.cgv.co.kr/Movie/Thumbnail/StillCut/000085/85238/85238196594_727.jpg'),(869,1274,'https://img.cgv.co.kr/Movie/Thumbnail/StillCut/000085/85238/85238196593_727.jpg'),(870,1274,'https://img.cgv.co.kr/Movie/Thumbnail/StillCut/000085/85238/85238196592_727.jpg'),(871,1274,'https://img.cgv.co.kr/Movie/Thumbnail/StillCut/000085/85238/85238196591_727.jpg'),(872,1274,'https://img.cgv.co.kr/Movie/Thumbnail/StillCut/000085/85238/85238196590_727.jpg'),(873,1274,'https://img.cgv.co.kr/Movie/Thumbnail/StillCut/000085/85238/85238196589_727.jpg'),(874,1274,'https://img.cgv.co.kr/Movie/Thumbnail/StillCut/000085/85238/85238196588_727.jpg'),(875,1274,'https://img.cgv.co.kr/Movie/Thumbnail/StillCut/000085/85238/85238196587_727.jpg'),(876,1274,'https://img.cgv.co.kr/Movie/Thumbnail/StillCut/000085/85238/85238196586_727.jpg'),(877,1274,'https://img.cgv.co.kr/Movie/Thumbnail/StillCut/000085/85238/85238196585_727.jpg'),(878,1274,'https://img.cgv.co.kr/Movie/Thumbnail/StillCut/000085/85238/85238196584_727.jpg'),(879,1274,'https://img.cgv.co.kr/Movie/Thumbnail/StillCut/000085/85238/85238196583_727.jpg'),(880,1275,'https://img.cgv.co.kr/Movie/Thumbnail/StillCut/000085/85920/85920204479_727.jpg'),(881,1275,'https://img.cgv.co.kr/Movie/Thumbnail/StillCut/000085/85920/85920204478_727.jpg'),(882,1275,'https://img.cgv.co.kr/Movie/Thumbnail/StillCut/000085/85920/85920204477_727.jpg'),(883,1275,'https://img.cgv.co.kr/Movie/Thumbnail/StillCut/000085/85920/85920203576_727.jpg'),(884,1275,'https://img.cgv.co.kr/Movie/Thumbnail/StillCut/000085/85920/85920203293_727.jpg'),(885,1275,'https://img.cgv.co.kr/Movie/Thumbnail/StillCut/000085/85920/85920203292_727.jpg'),(886,1275,'https://img.cgv.co.kr/Movie/Thumbnail/StillCut/000085/85920/85920203291_727.jpg'),(887,1275,'https://img.cgv.co.kr/Movie/Thumbnail/StillCut/000085/85920/85920203290_727.jpg'),(888,1275,'https://img.cgv.co.kr/Movie/Thumbnail/StillCut/000085/85920/85920203289_727.jpg'),(889,1275,'https://img.cgv.co.kr/Movie/Thumbnail/StillCut/000085/85920/85920203288_727.jpg'),(890,1275,'https://img.cgv.co.kr/Movie/Thumbnail/StillCut/000085/85920/85920203287_727.jpg'),(891,1275,'https://img.cgv.co.kr/Movie/Thumbnail/StillCut/000085/85920/85920203286_727.jpg'),(892,1275,'https://img.cgv.co.kr/Movie/Thumbnail/StillCut/000085/85920/85920203193_727.jpg'),(893,1275,'https://img.cgv.co.kr/Movie/Thumbnail/StillCut/000085/85920/85920203192_727.jpg'),(894,1275,'https://img.cgv.co.kr/Movie/Thumbnail/StillCut/000085/85920/85920203191_727.jpg'),(895,1285,'https://img.cgv.co.kr/Movie/Thumbnail/StillCut/000086/86043/86043204639_727.jpg'),(896,1285,'https://img.cgv.co.kr/Movie/Thumbnail/StillCut/000086/86043/86043204636_727.jpeg'),(897,1285,'https://img.cgv.co.kr/Movie/Thumbnail/StillCut/000086/86043/86043204635_727.jpg'),(898,1285,'https://img.cgv.co.kr/Movie/Thumbnail/StillCut/000086/86043/86043204634_727.jpg'),(899,1285,'https://img.cgv.co.kr/Movie/Thumbnail/StillCut/000086/86043/86043204633_727.jpg'),(900,1285,'https://img.cgv.co.kr/Movie/Thumbnail/StillCut/000086/86043/86043204632_727.jpg'),(901,1285,'https://img.cgv.co.kr/Movie/Thumbnail/StillCut/000086/86043/86043204534_727.jpg'),(902,1285,'https://img.cgv.co.kr/Movie/Thumbnail/StillCut/000086/86043/86043204533_727.jpg'),(903,1285,'https://img.cgv.co.kr/Movie/Thumbnail/StillCut/000086/86043/86043204532_727.jpg'),(904,1285,'https://img.cgv.co.kr/Movie/Thumbnail/StillCut/000086/86043/86043204519_727.jpg'),(905,1286,'https://img.cgv.co.kr/Movie/Thumbnail/StillCut/000086/86014/86014204353_727.jpg'),(906,1286,'https://img.cgv.co.kr/Movie/Thumbnail/StillCut/000086/86014/86014204352_727.jpg'),(907,1286,'https://img.cgv.co.kr/Movie/Thumbnail/StillCut/000086/86014/86014204128_727.jpg'),(908,1286,'https://img.cgv.co.kr/Movie/Thumbnail/StillCut/000086/86014/86014204126_727.jpg'),(909,1286,'https://img.cgv.co.kr/Movie/Thumbnail/StillCut/000086/86014/86014204125_727.jpg'),(910,1286,'https://img.cgv.co.kr/Movie/Thumbnail/StillCut/000086/86014/86014204124_727.jpg'),(911,1286,'https://img.cgv.co.kr/Movie/Thumbnail/StillCut/000086/86014/86014204123_727.jpg'),(912,1286,'https://img.cgv.co.kr/Movie/Thumbnail/StillCut/000086/86014/86014204122_727.jpg'),(913,1286,'https://img.cgv.co.kr/Movie/Thumbnail/StillCut/000086/86014/86014204121_727.jpg'),(914,1286,'https://img.cgv.co.kr/Movie/Thumbnail/StillCut/000086/86014/86014204120_727.jpg'),(915,1286,'https://img.cgv.co.kr/Movie/Thumbnail/StillCut/000086/86014/86014204119_727.jpg'),(916,1286,'https://img.cgv.co.kr/Movie/Thumbnail/StillCut/000086/86014/86014204118_727.jpg'),(917,1286,'https://img.cgv.co.kr/Movie/Thumbnail/StillCut/000086/86014/86014204079_727.jpg'),(918,1288,'https://img.cgv.co.kr/Movie/Thumbnail/StillCut/000086/86023/86023204459_727.jpg'),(919,1288,'https://img.cgv.co.kr/Movie/Thumbnail/StillCut/000086/86023/86023204338_727.jpg'),(920,1288,'https://img.cgv.co.kr/Movie/Thumbnail/StillCut/000086/86023/86023204337_727.jpg'),(921,1288,'https://img.cgv.co.kr/Movie/Thumbnail/StillCut/000086/86023/86023204336_727.jpg'),(922,1288,'https://img.cgv.co.kr/Movie/Thumbnail/StillCut/000086/86023/86023204335_727.jpg'),(923,1288,'https://img.cgv.co.kr/Movie/Thumbnail/StillCut/000086/86023/86023204334_727.jpg'),(924,1288,'https://img.cgv.co.kr/Movie/Thumbnail/StillCut/000086/86023/86023204333_727.jpg'),(925,1288,'https://img.cgv.co.kr/Movie/Thumbnail/StillCut/000086/86023/86023204331_727.jpg'),(926,1289,'https://img.cgv.co.kr/Movie/Thumbnail/StillCut/000085/85925/85925204568_727.jpg'),(927,1289,'https://img.cgv.co.kr/Movie/Thumbnail/StillCut/000085/85925/85925204206_727.jpg'),(928,1289,'https://img.cgv.co.kr/Movie/Thumbnail/StillCut/000085/85925/85925203264_727.jpg'),(929,1289,'https://img.cgv.co.kr/Movie/Thumbnail/StillCut/000085/85925/85925203263_727.jpg'),(930,1289,'https://img.cgv.co.kr/Movie/Thumbnail/StillCut/000085/85925/85925203262_727.jpg'),(931,1289,'https://img.cgv.co.kr/Movie/Thumbnail/StillCut/000085/85925/85925203261_727.jpg'),(932,1289,'https://img.cgv.co.kr/Movie/Thumbnail/StillCut/000085/85925/85925203260_727.jpg'),(933,1289,'https://img.cgv.co.kr/Movie/Thumbnail/StillCut/000085/85925/85925203259_727.jpg'),(934,1289,'https://img.cgv.co.kr/Movie/Thumbnail/StillCut/000085/85925/85925203258_727.jpg'),(935,1289,'https://img.cgv.co.kr/Movie/Thumbnail/StillCut/000085/85925/85925203257_727.jpg'),(936,1289,'https://img.cgv.co.kr/Movie/Thumbnail/StillCut/000085/85925/85925203256_727.jpg'),(937,1291,'https://img.cgv.co.kr/Movie/Thumbnail/StillCut/000086/86025/86025204419_727.png'),(938,1292,'https://img.cgv.co.kr/Movie/Thumbnail/StillCut/000085/85592/85592199319_727.jpg'),(939,1617,'https://img.cgv.co.kr/Movie/Thumbnail/StillCut/000086/86049/86049204570_727.jpg');
/*!40000 ALTER TABLE `movie_stillcut` ENABLE KEYS */;
UNLOCK TABLES;

--
-- Table structure for table `reservation`
--

DROP TABLE IF EXISTS `reservation`;
/*!40101 SET @saved_cs_client     = @@character_set_client */;
/*!50503 SET character_set_client = utf8mb4 */;
CREATE TABLE `reservation` (
  `seq` int NOT NULL AUTO_INCREMENT,
  `movie_seq` int DEFAULT NULL,
  `wdate` timestamp NULL DEFAULT NULL,
  `rdate` timestamp NULL DEFAULT NULL,
  PRIMARY KEY (`seq`),
  KEY `movie_seq` (`movie_seq`),
  CONSTRAINT `reservation_ibfk_1` FOREIGN KEY (`movie_seq`) REFERENCES `movie` (`seq`)
) ENGINE=InnoDB AUTO_INCREMENT=4 DEFAULT CHARSET=utf8mb4 COLLATE=utf8mb4_0900_ai_ci;
/*!40101 SET character_set_client = @saved_cs_client */;

--
-- Dumping data for table `reservation`
--

LOCK TABLES `reservation` WRITE;
/*!40000 ALTER TABLE `reservation` DISABLE KEYS */;
INSERT INTO `reservation` VALUES (3,1261,'2022-07-11 12:48:20','2022-07-26 15:00:00');
/*!40000 ALTER TABLE `reservation` ENABLE KEYS */;
UNLOCK TABLES;

--
-- Table structure for table `review`
--

DROP TABLE IF EXISTS `review`;
/*!40101 SET @saved_cs_client     = @@character_set_client */;
/*!50503 SET character_set_client = utf8mb4 */;
CREATE TABLE `review` (
  `seq` int NOT NULL AUTO_INCREMENT,
  `movie_seq` int DEFAULT NULL,
  `title` varchar(100) DEFAULT NULL,
  `content` varchar(2000) DEFAULT NULL,
  `wdate` int DEFAULT NULL,
  PRIMARY KEY (`seq`),
  KEY `movie_fk_idx` (`movie_seq`),
  CONSTRAINT `movie_fk` FOREIGN KEY (`movie_seq`) REFERENCES `movie` (`seq`)
) ENGINE=InnoDB DEFAULT CHARSET=utf8mb4 COLLATE=utf8mb4_0900_ai_ci;
/*!40101 SET character_set_client = @saved_cs_client */;

--
-- Dumping data for table `review`
--

LOCK TABLES `review` WRITE;
/*!40000 ALTER TABLE `review` DISABLE KEYS */;
/*!40000 ALTER TABLE `review` ENABLE KEYS */;
UNLOCK TABLES;

--
-- Table structure for table `user_reservation_location`
--

DROP TABLE IF EXISTS `user_reservation_location`;
/*!40101 SET @saved_cs_client     = @@character_set_client */;
/*!50503 SET character_set_client = utf8mb4 */;
CREATE TABLE `user_reservation_location` (
  `seq` int NOT NULL AUTO_INCREMENT,
  `user_id` varchar(50) DEFAULT NULL,
  `reservation_seq` int DEFAULT NULL,
  `location_seq` int DEFAULT NULL,
  PRIMARY KEY (`seq`),
  KEY `user_id` (`user_id`),
  KEY `reservation_seq` (`reservation_seq`),
  KEY `location_seq` (`location_seq`),
  CONSTRAINT `user_reservation_location_ibfk_1` FOREIGN KEY (`user_id`) REFERENCES `user` (`id`),
  CONSTRAINT `user_reservation_location_ibfk_2` FOREIGN KEY (`reservation_seq`) REFERENCES `reservation` (`seq`),
  CONSTRAINT `user_reservation_location_ibfk_3` FOREIGN KEY (`location_seq`) REFERENCES `location` (`seq`)
) ENGINE=InnoDB AUTO_INCREMENT=2 DEFAULT CHARSET=utf8mb4 COLLATE=utf8mb4_0900_ai_ci;
/*!40101 SET character_set_client = @saved_cs_client */;

--
-- Dumping data for table `user_reservation_location`
--

LOCK TABLES `user_reservation_location` WRITE;
/*!40000 ALTER TABLE `user_reservation_location` DISABLE KEYS */;
INSERT INTO `user_reservation_location` VALUES (1,'test',3,27);
/*!40000 ALTER TABLE `user_reservation_location` ENABLE KEYS */;
UNLOCK TABLES;
/*!40103 SET TIME_ZONE=@OLD_TIME_ZONE */;

/*!40101 SET SQL_MODE=@OLD_SQL_MODE */;
/*!40014 SET FOREIGN_KEY_CHECKS=@OLD_FOREIGN_KEY_CHECKS */;
/*!40014 SET UNIQUE_CHECKS=@OLD_UNIQUE_CHECKS */;
/*!40101 SET CHARACTER_SET_CLIENT=@OLD_CHARACTER_SET_CLIENT */;
/*!40101 SET CHARACTER_SET_RESULTS=@OLD_CHARACTER_SET_RESULTS */;
/*!40101 SET COLLATION_CONNECTION=@OLD_COLLATION_CONNECTION */;
/*!40111 SET SQL_NOTES=@OLD_SQL_NOTES */;

-- Dump completed on 2022-07-12  9:24:46
